,PARAMETERS,PARAMETERS,PARAMETERS,PARAMETERS,PARAMETERS,PARAMETERS,PARAMETERS,PARAMETERS,PARAMETERS,PARAMETERS,PARAMETERS,PARAMETERS,PARAMETERS,PARAMETERS,PARAMETERS,PARAMETERS,PARAMETERS,PARAMETERS,PARAMETERS,PARAMETERS,PARAMETERS,PARAMETERS,FUEL_COST,FUEL_COST,FUEL_COST,FUEL_COST,FUEL_COST,FUEL_COST,FUEL_COST,FUEL_COST,FUEL_COST,FUEL_COST,FUEL_COST,FUEL_COST,FUEL_COST,FUEL_COST,FUEL_COST,FUEL_COST,FUEL_COST,FUEL_COST,FUEL_COST,FUEL_COST,FUEL_COST,FUEL_COST,FUEL_COST,FUEL_COST,FUEL_COST,FUEL_COST,BUILD_COST,BUILD_COST,BUILD_COST,BUILD_COST,BUILD_COST,BUILD_COST,BUILD_COST,BUILD_COST,BUILD_COST,BUILD_COST,BUILD_COST,BUILD_COST,BUILD_COST,BUILD_COST,BUILD_COST,BUILD_COST,BUILD_COST,BUILD_COST,BUILD_COST,BUILD_COST,BUILD_COST,BUILD_COST,BUILD_COST,BUILD_COST,BUILD_COST,BUILD_COST,BUILD_COST,BUILD_COST,BUILD_COST,BUILD_COST,BUILD_COST,BUILD_COST,BUILD_COST,BUILD_COST,BUILD_COST
,NTNDP_UNIT_ID,WIND_BUBBLE,ZONE,TECHNOLOGY_PRIMARY,TECHNOLOGY_SUBCAT,FUEL_TYPE_PRIMARY,FUEL_TYPE_SUBCAT,ACIL_TECHNOLOGY_ID,HEAT_RATE,EMISSIONS,RR_UP,RR_DOWN,SU_COST_WARM_MW,NL_FUEL_CONS,MIN_GEN_PERCENT,RR_STARTUP,RR_SHUTDOWN,MIN_GEN,MIN_ON_TIME,MIN_OFF_TIME,FOM,VOM,2016,2017,2018,2019,2020,2021,2022,2023,2024,2025,2026,2027,2028,2029,2030,2031,2032,2033,2034,2035,2036,2037,2038,2039,2040,2041,2016,2017,2018,2019,2020,2021,2022,2023,2024,2025,2026,2027,2028,2029,2030,2031,2032,2033,2034,2035,2036,2037,2038,2039,2040,2041,2042,2043,2044,2045,2046,2047,2048,2049,2050
UNIT_ID,,,,,,,,,,,,,,,,,,,,,,,,,,,,,,,,,,,,,,,,,,,,,,,,,,,,,,,,,,,,,,,,,,,,,,,,,,,,,,,,,,,
SWNSW-WIND,FWN Broken Hill_WIND,FWN,SWNSW,WIND,WIND,WIND,WIND,Wind - (100 MW),0.0,0.0,10000,10000,3,0.0,0,10000,10000,0.0,0,0,45.0,0.0,0.0,0.0,0.0,0.0,0.0,0.0,0.0,0.0,0.0,0.0,0.0,0.0,0.0,0.0,0.0,0.0,0.0,0.0,0.0,0.0,0.0,0.0,0.0,0.0,0.0,0.0,2629.07027,2618.529408,2606.74699,2596.55703,2590.435865,2482.801595,2379.819176,2281.287559,2187.014385,2096.815608,2095.060023,2078.827734,2050.421982,2024.613514,2019.533442,2019.298901,2019.298901,2012.81313,2012.81313,2007.965507,2000.667096,1983.897501,1957.895235,1950.869874,1945.877041,1941.117644,1932.671737,1922.094169,1914.722191,1903.594609,1899.671921,1895.176265,1890.85276,1880.023039,1870.297322
NCEN-WIND,HUN Bayswater_WIND,HUN,NCEN,WIND,WIND,WIND,WIND,Wind - (100 MW),0.0,0.0,10000,10000,3,0.0,0,10000,10000,0.0,0,0,45.0,0.0,0.0,0.0,0.0,0.0,0.0,0.0,0.0,0.0,0.0,0.0,0.0,0.0,0.0,0.0,0.0,0.0,0.0,0.0,0.0,0.0,0.0,0.0,0.0,0.0,0.0,0.0,2619.07027,2608.529408,2596.74699,2586.55703,2580.435865,2472.801595,2369.819176,2271.287559,2177.014385,2086.815608,2085.060023,2068.827734,2040.421982,2014.613514,2009.533442,2009.298901,2009.298901,2002.81313,2002.81313,1997.965507,1990.667096,1973.897501,1947.895235,1940.869874,1935.877041,1931.117644,1922.671737,1912.094169,1904.722191,1893.594609,1889.671921,1885.176265,1880.85276,1870.023039,1860.297322
CAN-WIND,MRN Bannaby_WIND,MRN,CAN,WIND,WIND,WIND,WIND,Wind - (100 MW),0.0,0.0,10000,10000,3,0.0,0,10000,10000,0.0,0,0,45.0,0.0,0.0,0.0,0.0,0.0,0.0,0.0,0.0,0.0,0.0,0.0,0.0,0.0,0.0,0.0,0.0,0.0,0.0,0.0,0.0,0.0,0.0,0.0,0.0,0.0,0.0,0.0,2629.07027,2618.529408,2606.74699,2596.55703,2590.435865,2482.801595,2379.819176,2281.287559,2187.014385,2096.815608,2095.060023,2078.827734,2050.421982,2024.613514,2019.533442,2019.298901,2019.298901,2012.81313,2012.81313,2007.965507,2000.667096,1983.897501,1957.895235,1950.869874,1945.877041,1941.117644,1932.671737,1922.094169,1914.722191,1903.594609,1899.671921,1895.176265,1890.85276,1880.023039,1870.297322
NNS-WIND,NEN Armidale_WIND,NEN,NNS,WIND,WIND,WIND,WIND,Wind - (100 MW),0.0,0.0,10000,10000,3,0.0,0,10000,10000,0.0,0,0,45.0,0.0,0.0,0.0,0.0,0.0,0.0,0.0,0.0,0.0,0.0,0.0,0.0,0.0,0.0,0.0,0.0,0.0,0.0,0.0,0.0,0.0,0.0,0.0,0.0,0.0,0.0,0.0,2629.07027,2618.529408,2606.74699,2596.55703,2590.435865,2482.801595,2379.819176,2281.287559,2187.014385,2096.815608,2095.060023,2078.827734,2050.421982,2024.613514,2019.533442,2019.298901,2019.298901,2012.81313,2012.81313,2007.965507,2000.667096,1983.897501,1957.895235,1950.869874,1945.877041,1941.117644,1932.671737,1922.094169,1914.722191,1903.594609,1899.671921,1895.176265,1890.85276,1880.023039,1870.297322
NQ-WIND,FNQ Challumbin_WIND,FNQ,NQ,WIND,WIND,WIND,WIND,Wind - (100 MW),0.0,0.0,10000,10000,3,0.0,0,10000,10000,0.0,0,0,45.0,0.0,0.0,0.0,0.0,0.0,0.0,0.0,0.0,0.0,0.0,0.0,0.0,0.0,0.0,0.0,0.0,0.0,0.0,0.0,0.0,0.0,0.0,0.0,0.0,0.0,0.0,0.0,2754.23407,2743.693208,2731.91079,2721.72083,2715.599665,2607.965395,2504.982976,2406.451359,2312.178185,2221.979408,2220.223823,2203.991534,2175.585782,2149.777314,2144.697242,2144.462701,2144.462701,2137.97693,2137.97693,2133.129307,2125.830896,2109.061301,2083.059035,2076.033674,2071.040841,2066.281444,2057.835537,2047.257969,2039.885991,2028.758409,2024.835721,2020.340065,2016.01656,2005.186839,1995.461122
SWQ-WIND,SWQ Blackstone_WIND,SWQ,SWQ,WIND,WIND,WIND,WIND,Wind - (100 MW),0.0,0.0,10000,10000,3,0.0,0,10000,10000,0.0,0,0,45.0,0.0,0.0,0.0,0.0,0.0,0.0,0.0,0.0,0.0,0.0,0.0,0.0,0.0,0.0,0.0,0.0,0.0,0.0,0.0,0.0,0.0,0.0,0.0,0.0,0.0,0.0,0.0,2624.36317,2613.822308,2602.03989,2591.84993,2585.728765,2478.094495,2375.112076,2276.580459,2182.307285,2092.108508,2090.352923,2074.120634,2045.714882,2019.906414,2014.826342,2014.591801,2014.591801,2008.10603,2008.10603,2003.258407,1995.959996,1979.190401,1953.188135,1946.162774,1941.169941,1936.410544,1927.964637,1917.387069,1910.015091,1898.887509,1894.964821,1890.469165,1886.14566,1875.315939,1865.590222
MEL-WIND,CS Krongart_WIND,CS,MEL,WIND,WIND,WIND,WIND,Wind - (100 MW),0.0,0.0,10000,10000,3,0.0,0,10000,10000,0.0,0,0,45.0,0.0,0.0,0.0,0.0,0.0,0.0,0.0,0.0,0.0,0.0,0.0,0.0,0.0,0.0,0.0,0.0,0.0,0.0,0.0,0.0,0.0,0.0,0.0,0.0,0.0,0.0,0.0,2699.07027,2688.529408,2676.74699,2666.55703,2660.435865,2552.801595,2449.819176,2351.287559,2257.014385,2166.815608,2165.060023,2148.827734,2120.421982,2094.613514,2089.533442,2089.298901,2089.298901,2082.81313,2082.81313,2077.965507,2070.667096,2053.897501,2027.895235,2020.869874,2015.877041,2011.117644,2002.671737,1992.094169,1984.722191,1973.594609,1969.671921,1965.176265,1960.85276,1950.023039,1940.297322
SESA-WIND,CS Krongart_WIND,CS,SESA,WIND,WIND,WIND,WIND,Wind - (100 MW),0.0,0.0,10000,10000,3,0.0,0,10000,10000,0.0,0,0,45.0,0.0,0.0,0.0,0.0,0.0,0.0,0.0,0.0,0.0,0.0,0.0,0.0,0.0,0.0,0.0,0.0,0.0,0.0,0.0,0.0,0.0,0.0,0.0,0.0,0.0,0.0,0.0,2699.07027,2688.529408,2676.74699,2666.55703,2660.435865,2552.801595,2449.819176,2351.287559,2257.014385,2166.815608,2165.060023,2148.827734,2120.421982,2094.613514,2089.533442,2089.298901,2089.298901,2082.81313,2082.81313,2077.965507,2070.667096,2053.897501,2027.895235,2020.869874,2015.877041,2011.117644,2002.671737,1992.094169,1984.722191,1973.594609,1969.671921,1965.176265,1960.85276,1950.023039,1940.297322
CVIC-WIND,NWV Ballarat_WIND,NWV,CVIC,WIND,WIND,WIND,WIND,Wind - (100 MW),0.0,0.0,10000,10000,3,0.0,0,10000,10000,0.0,0,0,45.001,0.0,0.0,0.0,0.0,0.0,0.0,0.0,0.0,0.0,0.0,0.0,0.0,0.0,0.0,0.0,0.0,0.0,0.0,0.0,0.0,0.0,0.0,0.0,0.0,0.0,0.0,0.0,2639.07027,2628.529408,2616.74699,2606.55703,2600.435865,2492.801595,2389.819176,2291.287559,2197.014385,2106.815608,2105.060023,2088.827734,2060.421982,2034.613514,2029.533442,2029.298901,2029.298901,2022.81313,2022.81313,2017.965507,2010.667096,1993.897501,1967.895235,1960.869874,1955.877041,1951.117644,1942.671737,1932.094169,1924.722191,1913.594609,1909.671921,1905.176265,1900.85276,1890.023039,1880.297322
LV-WIND,SEV Morwell_WIND,SEV,LV,WIND,WIND,WIND,WIND,Wind - (100 MW),0.0,0.0,10000,10000,3,0.0,0,10000,10000,0.0,0,0,45.0,0.0,0.0,0.0,0.0,0.0,0.0,0.0,0.0,0.0,0.0,0.0,0.0,0.0,0.0,0.0,0.0,0.0,0.0,0.0,0.0,0.0,0.0,0.0,0.0,0.0,0.0,0.0,2649.07027,2638.529408,2626.74699,2616.55703,2610.435865,2502.801595,2399.819176,2301.287559,2207.014385,2116.815608,2115.060023,2098.827734,2070.421982,2044.613514,2039.533442,2039.298901,2039.298901,2032.81313,2032.81313,2027.965507,2020.667096,2003.897501,1977.895235,1970.869874,1965.877041,1961.117644,1952.671737,1942.094169,1934.722191,1923.594609,1919.671921,1915.176265,1910.85276,1900.023039,1890.297322
NSA-WIND,EPS Cultana_WIND,EPS,NSA,WIND,WIND,WIND,WIND,Wind - (100 MW),0.0,0.0,10000,10000,3,0.0,0,10000,10000,0.0,0,0,45.0,0.0,0.0,0.0,0.0,0.0,0.0,0.0,0.0,0.0,0.0,0.0,0.0,0.0,0.0,0.0,0.0,0.0,0.0,0.0,0.0,0.0,0.0,0.0,0.0,0.0,0.0,0.0,2659.07027,2648.529408,2636.74699,2626.55703,2620.435865,2512.801595,2409.819176,2311.287559,2217.014385,2126.815608,2125.060023,2108.827734,2080.421982,2054.613514,2049.533442,2049.298901,2049.298901,2042.81313,2042.81313,2037.965507,2030.667096,2013.897501,1987.895235,1980.869874,1975.877041,1971.117644,1962.671737,1952.094169,1944.722191,1933.594609,1929.671921,1925.176265,1920.85276,1910.023039,1900.297322
ADE-WIND,FLS VH_WIND,FLS,ADE,WIND,WIND,WIND,WIND,Wind - (100 MW),0.0,0.0,10000,10000,3,0.0,0,10000,10000,0.0,0,0,45.0,0.0,0.0,0.0,0.0,0.0,0.0,0.0,0.0,0.0,0.0,0.0,0.0,0.0,0.0,0.0,0.0,0.0,0.0,0.0,0.0,0.0,0.0,0.0,0.0,0.0,0.0,0.0,2529.07027,2518.529408,2506.74699,2496.55703,2490.435865,2382.801595,2279.819176,2181.287559,2087.014385,1996.815608,1995.060023,1978.827734,1950.421982,1924.613514,1919.533442,1919.298901,1919.298901,1912.81313,1912.81313,1907.965507,1900.667096,1883.897501,1857.895235,1850.869874,1845.877041,1841.117644,1832.671737,1822.094169,1814.722191,1803.594609,1799.671921,1795.176265,1790.85276,1780.023039,1770.297322
TAS-WIND,NET George Town_WIND,NET,TAS,WIND,WIND,WIND,WIND,Wind - (100 MW),0.0,0.0,10000,10000,3,0.0,0,10000,10000,0.0,0,0,45.0,0.0,0.0,0.0,0.0,0.0,0.0,0.0,0.0,0.0,0.0,0.0,0.0,0.0,0.0,0.0,0.0,0.0,0.0,0.0,0.0,0.0,0.0,0.0,0.0,0.0,0.0,0.0,2649.07027,2638.529408,2626.74699,2616.55703,2610.435865,2502.801595,2399.819176,2301.287559,2207.014385,2116.815608,2115.060023,2098.827734,2070.421982,2044.613514,2039.533442,2039.298901,2039.298901,2032.81313,2032.81313,2027.965507,2020.667096,2003.897501,1977.895235,1970.869874,1965.877041,1961.117644,1952.671737,1942.094169,1934.722191,1923.594609,1919.671921,1915.176265,1910.85276,1900.023039,1890.297322
CAN-OCGT,CAN OCGT,,CAN,GAS,OCGT,GAS,GAS,OCGT - Without CCS,10.41968162,0.52098,1200,1200,100,0.3,0,1200,1200,0.0,1,1,4.0,10.0,5.923562262,6.173916758,7.755094821,7.755112579,7.750992404,7.761852267,7.8125,8.75,8.75,8.75,8.75,8.75,8.75,8.75,8.75,8.75,8.75,8.75,8.75,8.75,8.75,8.75,8.75,8.75,8.75,8.75,1105.615924,1100.453225,1095.316339,1090.205138,1085.119493,1080.059275,1075.024359,1070.014618,1065.029925,1060.070156,1055.135186,1050.22489,1045.339146,1040.477831,1035.640822,1030.827998,1026.039238,1021.274423,1016.533431,1011.816144,1007.122444,1002.452212,997.8053312,993.1816849,988.5811568,984.0036314,979.4489936,974.917129,970.4079237,965.9212645,961.4570385,957.0151337,952.5954384,948.1978415,943.8222327
NCEN-CCGT,NCEN CCGT,,NCEN,GAS,CCGT,GAS,GAS,CCGT - Without CCS,7.113218731,0.35566000000000003,600,600,15,0.3,0,600,600,0.0,4,4,10.0,7.0,5.720726124,5.825201823,7.579666939,7.579666939,7.579666939,7.579666939,7.579666939,8.329666939,8.329666939,8.329666939,8.329666939,8.329666939,8.329666939,8.329666939,8.329666939,8.329666939,8.329666939,8.329666939,8.329666939,8.329666939,8.329666939,8.329666939,8.329666939,8.329666939,8.329666939,8.329666939,1567.647917,1567.647917,1567.647917,1567.647917,1558.089553,1549.474327,1542.567351,1537.16648,1534.63332,1532.26832,1530.057096,1527.986855,1527.986855,1527.986855,1527.986855,1525.772283,1525.772283,1525.772283,1525.772283,1525.772283,1525.772283,1525.772283,1525.772283,1525.772283,1525.772283,1525.772283,1525.772283,1525.772283,1525.772283,1525.772283,1525.772283,1525.772283,1525.772283,1525.772283,1525.772283
NCEN-CCGT-CCS,NCEN CCGT CCS,,NCEN,GAS,CCGT-CCS,GAS,GAS,CCGT - With CCS,8.159564823,0.40798,600,600,15,0.3,0,600,600,0.0,4,4,17.0,12.0,5.720726124,5.825201823,7.579666939,7.579666939,7.579666939,7.579666939,7.579666939,8.329666939,8.329666939,8.329666939,8.329666939,8.329666939,8.329666939,8.329666939,8.329666939,8.329666939,8.329666939,8.329666939,8.329666939,8.329666939,8.329666939,8.329666939,8.329666939,8.329666939,8.329666939,8.329666939,3225.806797,3221.719307,3217.652254,3213.605536,3209.579052,3205.5727,2945.56498,2707.148216,2488.529502,2288.064816,2104.246651,1935.692687,1781.13539,1639.41248,1634.980234,1629.655453,1625.36146,1621.588988,1617.835378,1593.8465,1578.097735,1557.981344,1548.869815,1540.8215,1533.415804,1524.899526,1517.931415,1508.666049,1500.073224,1490.394308,1481.095487,1474.104252,1467.784879,1461.357579,1455.978414
NCEN-OCGT,NCEN OCGT,,NCEN,GAS,OCGT,GAS,GAS,OCGT - Without CCS,10.41968162,0.52098,1200,1200,100,0.3,0,1200,1200,0.0,1,1,4.0,10.0,7.150907655,7.281502278,9.474583674,9.474583674,9.474583674,9.474583674,9.474583674,10.41208367,10.41208367,10.41208367,10.41208367,10.41208367,10.41208367,10.41208367,10.41208367,10.41208367,10.41208367,10.41208367,10.41208367,10.41208367,10.41208367,10.41208367,10.41208367,10.41208367,10.41208367,10.41208367,1106.986101,1101.823401,1096.686516,1091.575314,1086.489669,1081.429452,1076.394536,1071.384794,1066.400102,1061.440332,1056.505362,1051.595066,1046.709322,1041.848007,1037.010998,1032.198174,1027.409415,1022.644599,1017.903607,1013.18632,1008.49262,1003.822388,999.1755075,994.5518612,989.9513332,985.3738078,980.81917,976.2873054,971.7781001,967.2914408,962.8272149,958.38531,953.9656147,949.5680179,945.1924091
NNS-CCGT,NNS CCGT,,NNS,GAS,CCGT,GAS,GAS,CCGT - Without CCS,7.113218731,0.35566000000000003,600,600,15,0.3,0,600,600,0.0,4,4,10.0,7.0,4.744803743,4.997665301,6.215023985,6.215132388,6.212774486,6.218669437,6.244852172,7.0,7.0,7.0,7.0,7.0,7.0,7.0,7.0,7.0,7.0,7.0,7.0,7.0,7.0,7.0,7.0,7.0,7.0,7.0,1569.938941,1569.938941,1569.938941,1569.938941,1560.380577,1551.765351,1544.858375,1539.457503,1536.924344,1534.559344,1532.348119,1530.277879,1530.277879,1530.277879,1530.277879,1528.063307,1528.063307,1528.063307,1528.063307,1528.063307,1528.063307,1528.063307,1528.063307,1528.063307,1528.063307,1528.063307,1528.063307,1528.063307,1528.063307,1528.063307,1528.063307,1528.063307,1528.063307,1528.063307,1528.063307
NNS-CCGT-CCS,NNS CCGT CCS,,NNS,GAS,CCGT-CCS,GAS,GAS,CCGT - With CCS,8.159564823,0.40798,600,600,15,0.3,0,600,600,0.0,4,4,17.0,12.0,4.744803743,4.997665301,6.215023985,6.215132388,6.212774486,6.218669437,6.244852172,7.0,7.0,7.0,7.0,7.0,7.0,7.0,7.0,7.0,7.0,7.0,7.0,7.0,7.0,7.0,7.0,7.0,7.0,7.0,3228.097821,3224.01033,3219.943277,3215.896559,3211.870075,3207.863723,2947.856003,2709.439239,2490.820526,2290.355839,2106.537675,1937.983711,1783.426413,1641.703503,1637.271258,1631.946477,1627.652484,1623.880011,1620.126401,1596.137523,1580.388759,1560.272367,1551.160839,1543.112524,1535.706828,1527.19055,1520.222439,1510.957073,1502.364247,1492.685331,1483.386511,1476.395275,1470.075903,1463.648603,1458.269438
NNS-OCGT,NNS OCGT,,NNS,GAS,OCGT,GAS,GAS,OCGT - Without CCS,10.41968162,0.52098,1200,1200,100,0.3,0,1200,1200,0.0,1,1,4.0,10.0,5.931004679,6.247081626,7.768779981,7.768915485,7.765968108,7.773336796,7.806065215,8.75,8.75,8.75,8.75,8.75,8.75,8.75,8.75,8.75,8.75,8.75,8.75,8.75,8.75,8.75,8.75,8.75,8.75,8.75,1109.277124,1104.114425,1098.977539,1093.866338,1088.780693,1083.720475,1078.685559,1073.675818,1068.691125,1063.731356,1058.796386,1053.88609,1049.000346,1044.139031,1039.302022,1034.489198,1029.700438,1024.935623,1020.194631,1015.477344,1010.783644,1006.113412,1001.466531,996.8428849,992.2423568,987.6648314,983.1101936,978.578329,974.0691237,969.5824645,965.1182385,960.6763337,956.2566384,951.8590415,947.4834327
SWNSW-OCGT,SWNSW OCGT,,SWNSW,GAS,OCGT,GAS,GAS,OCGT - Without CCS,10.41968162,0.52098,1200,1200,100,0.3,0,1200,1200,0.0,1,1,4.0,10.0,7.539132175,8.120961263,9.392079769,9.392502264,9.387505848,9.390033138,9.394747313,10.36767767,10.3715365,10.38484313,10.38377587,10.38427584,10.38721812,10.38710743,10.38614938,10.38397001,10.38410744,10.3841453,10.38420458,10.38446006,10.38446006,10.38446006,10.38446006,10.38446006,10.36604432,10.36604432,1109.277124,1104.114425,1098.977539,1093.866338,1088.780693,1083.720475,1078.685559,1073.675818,1068.691125,1063.731356,1058.796386,1053.88609,1049.000346,1044.139031,1039.302022,1034.489198,1029.700438,1024.935623,1020.194631,1015.477344,1010.783644,1006.113412,1001.466531,996.8428849,992.2423568,987.6648314,983.1101936,978.578329,974.0691237,969.5824645,965.1182385,960.6763337,956.2566384,951.8590415,947.4834327
CQ-CCGT,CQ CCGT,,CQ,GAS,CCGT,GAS,GAS,CCGT - Without CCS,7.113218731,0.41257,600,600,15,0.3,0,600,600,0.0,4,4,10.0,7.0,5.242797495,6.6,6.6,6.6,6.6,6.6,6.6,7.6,7.6,7.6,7.6,7.6,7.6,7.6,7.95,7.95,7.95,7.95,7.95,7.95,7.95,7.95,7.95,7.95,7.95,7.95,1575.293908,1575.293908,1575.293908,1575.293908,1565.735544,1557.120318,1550.213342,1544.812471,1542.279311,1539.914311,1537.703087,1535.632846,1535.632846,1535.632846,1535.632846,1533.418274,1533.418274,1533.418274,1533.418274,1533.418274,1533.418274,1533.418274,1533.418274,1533.418274,1533.418274,1533.418274,1533.418274,1533.418274,1533.418274,1533.418274,1533.418274,1533.418274,1533.418274,1533.418274,1533.418274
CQ-CCGT-CCS,CQ CCGT CCS,,CQ,GAS,CCGT-CCS,GAS,GAS,CCGT - With CCS,8.159564823,0.47325,600,600,15,0.3,0,600,600,0.0,4,4,17.0,12.0,5.242797495,6.6,6.6,6.6,6.6,6.6,6.6,7.6,7.6,7.6,7.6,7.6,7.6,7.6,7.95,7.95,7.95,7.95,7.95,7.95,7.95,7.95,7.95,7.95,7.95,7.95,3233.452788,3229.365298,3225.298245,3221.251527,3217.225042,3213.218691,2953.21097,2714.794207,2496.175493,2295.710807,2111.892642,1943.338678,1788.781381,1647.058471,1642.626225,1637.301444,1633.007451,1629.234979,1625.481369,1601.492491,1585.743726,1565.627334,1556.515806,1548.467491,1541.061795,1532.545517,1525.577406,1516.31204,1507.719215,1498.040299,1488.741478,1481.750243,1475.43087,1469.00357,1463.624405
CQ-OCGT,CQ OCGT,,CQ,GAS,OCGT,GAS,GAS,OCGT - Without CCS,10.41968162,0.60434,1200,1200,100,0.3,0,1200,1200,0.0,1,1,4.0,10.0,6.553496868,8.25,8.25,8.25,8.25,8.25,8.25,9.5,9.5,9.5,9.5,9.5,9.5,9.5,9.9375,9.9375,9.9375,9.9375,9.9375,9.9375,9.9375,9.9375,9.9375,9.9375,9.9375,9.9375,1114.632092,1109.469392,1104.332507,1099.221305,1094.13566,1089.075443,1084.040527,1079.030785,1074.046093,1069.086323,1064.151353,1059.241057,1054.355313,1049.493998,1044.656989,1039.844165,1035.055406,1030.29059,1025.549598,1020.832311,1016.138611,1011.468379,1006.821498,1002.197852,997.5973241,993.0197987,988.4651609,983.9332963,979.424091,974.9374317,970.4732058,966.0313009,961.6116056,957.2140088,952.8384
NQ-CCGT,NQ CCGT,,NQ,GAS,CCGT,GAS,GAS,CCGT - Without CCS,7.113218731,0.41257,600,600,15,0.3,0,600,600,0.0,4,4,10.0,7.0,4.792405249,5.070473297,6.212560455,6.212570532,6.210117982,6.21526983,6.23629236,7.0,7.0,7.0,7.0,7.0,7.0,7.0,7.0,7.0,7.0,7.0,7.0,7.0,7.0,7.0,7.0,7.0,7.0,7.0,1575.293908,1575.293908,1575.293908,1575.293908,1565.735544,1557.120318,1550.213342,1544.812471,1542.279311,1539.914311,1537.703087,1535.632846,1535.632846,1535.632846,1535.632846,1533.418274,1533.418274,1533.418274,1533.418274,1533.418274,1533.418274,1533.418274,1533.418274,1533.418274,1533.418274,1533.418274,1533.418274,1533.418274,1533.418274,1533.418274,1533.418274,1533.418274,1533.418274,1533.418274,1533.418274
NQ-CCGT-CCS,NQ CCGT CCS,,NQ,GAS,CCGT-CCS,GAS,GAS,CCGT - With CCS,8.159564823,0.47325,600,600,15,0.3,0,600,600,0.0,4,4,17.0,12.0,4.792405249,5.070473297,6.212560455,6.212570532,6.210117982,6.21526983,6.23629236,7.0,7.0,7.0,7.0,7.0,7.0,7.0,7.0,7.0,7.0,7.0,7.0,7.0,7.0,7.0,7.0,7.0,7.0,7.0,3233.452788,3229.365298,3225.298245,3221.251527,3217.225042,3213.218691,2953.21097,2714.794207,2496.175493,2295.710807,2111.892642,1943.338678,1788.781381,1647.058471,1642.626225,1637.301444,1633.007451,1629.234979,1625.481369,1601.492491,1585.743726,1565.627334,1556.515806,1548.467491,1541.061795,1532.545517,1525.577406,1516.31204,1507.719215,1498.040299,1488.741478,1481.750243,1475.43087,1469.00357,1463.624405
NQ-OCGT,NQ OCGT,,NQ,GAS,OCGT,GAS,GAS,OCGT - Without CCS,10.41968162,0.60434,1200,1200,100,0.3,0,1200,1200,0.0,1,1,4.0,10.0,5.990506562,6.338091622,7.765700569,7.765713165,7.762647478,7.769087288,7.79536545,8.75,8.75,8.75,8.75,8.75,8.75,8.75,8.75,8.75,8.75,8.75,8.75,8.75,8.75,8.75,8.75,8.75,8.75,8.75,1114.632092,1109.469392,1104.332507,1099.221305,1094.13566,1089.075443,1084.040527,1079.030785,1074.046093,1069.086323,1064.151353,1059.241057,1054.355313,1049.493998,1044.656989,1039.844165,1035.055406,1030.29059,1025.549598,1020.832311,1016.138611,1011.468379,1006.821498,1002.197852,997.5973241,993.0197987,988.4651609,983.9332963,979.424091,974.9374317,970.4732058,966.0313009,961.6116056,957.2140088,952.8384
SEQ-CCGT,SEQ CCGT,,SEQ,GAS,CCGT,GAS,GAS,CCGT - Without CCS,7.113218731,0.41257,600,600,15,0.3,0,600,600,0.0,4,4,10.0,7.0,4.792405249,5.070473297,6.9442,6.9442,6.9442,6.9442,6.9442,7.6942,7.6942,7.6942,7.6942,7.6942,7.6942,7.6942,7.6942,7.6942,7.6942,7.6942,7.6942,7.6942,7.6942,7.6942,7.6942,7.6942,7.6942,7.6942,1575.293908,1575.293908,1575.293908,1575.293908,1565.735544,1557.120318,1550.213342,1544.812471,1542.279311,1539.914311,1537.703087,1535.632846,1535.632846,1535.632846,1535.632846,1533.418274,1533.418274,1533.418274,1533.418274,1533.418274,1533.418274,1533.418274,1533.418274,1533.418274,1533.418274,1533.418274,1533.418274,1533.418274,1533.418274,1533.418274,1533.418274,1533.418274,1533.418274,1533.418274,1533.418274
SEQ-CCGT-CCS,SEQ CCGT CCS,,SEQ,GAS,CCGT-CCS,GAS,GAS,CCGT - With CCS,8.159564823,0.47325,600,600,15,0.3,0,600,600,0.0,4,4,17.0,12.0,4.792405249,5.070473297,6.9442,6.9442,6.9442,6.9442,6.9442,7.6942,7.6942,7.6942,7.6942,7.6942,7.6942,7.6942,7.6942,7.6942,7.6942,7.6942,7.6942,7.6942,7.6942,7.6942,7.6942,7.6942,7.6942,7.6942,3233.452788,3229.365298,3225.298245,3221.251527,3217.225042,3213.218691,2953.21097,2714.794207,2496.175493,2295.710807,2111.892642,1943.338678,1788.781381,1647.058471,1642.626225,1637.301444,1633.007451,1629.234979,1625.481369,1601.492491,1585.743726,1565.627334,1556.515806,1548.467491,1541.061795,1532.545517,1525.577406,1516.31204,1507.719215,1498.040299,1488.741478,1481.750243,1475.43087,1469.00357,1463.624405
SEQ-OCGT,SEQ OCGT,,SEQ,GAS,OCGT,GAS,GAS,OCGT - Without CCS,10.41968162,0.60434,1200,1200,100,0.3,0,1200,1200,0.0,1,1,4.0,10.0,5.990506562,6.338091622,8.68025,8.68025,8.68025,8.68025,8.68025,9.61775,9.61775,9.61775,9.61775,9.61775,9.61775,9.61775,9.61775,9.61775,9.61775,9.61775,9.61775,9.61775,9.61775,9.61775,9.61775,9.61775,9.61775,9.61775,1114.632092,1109.469392,1104.332507,1099.221305,1094.13566,1089.075443,1084.040527,1079.030785,1074.046093,1069.086323,1064.151353,1059.241057,1054.355313,1049.493998,1044.656989,1039.844165,1035.055406,1030.29059,1025.549598,1020.832311,1016.138611,1011.468379,1006.821498,1002.197852,997.5973241,993.0197987,988.4651609,983.9332963,979.424091,974.9374317,970.4732058,966.0313009,961.6116056,957.2140088,952.8384
SWQ-CCGT,SWQ CCGT,,SWQ,GAS,CCGT,GAS,GAS,CCGT - Without CCS,7.113218731,0.41257,600,600,15,0.3,0,600,600,0.0,4,4,10.0,7.0,5.745362791,6.6942,6.9442,6.9442,6.9442,6.9442,6.9442,7.6942,7.6942,7.6942,7.6942,7.6942,7.6942,7.6942,7.6942,7.6942,7.6942,7.6942,7.6942,7.6942,7.6942,7.6942,7.6942,7.6942,7.6942,7.6942,1573.951468,1573.951468,1573.951468,1573.951468,1564.393104,1555.777878,1548.870902,1543.470031,1540.936871,1538.571871,1536.360647,1534.290406,1534.290406,1534.290406,1534.290406,1532.075834,1532.075834,1532.075834,1532.075834,1532.075834,1532.075834,1532.075834,1532.075834,1532.075834,1532.075834,1532.075834,1532.075834,1532.075834,1532.075834,1532.075834,1532.075834,1532.075834,1532.075834,1532.075834,1532.075834
SWQ-CCGT-CCS,SWQ CCGT CCS,,SWQ,GAS,CCGT-CCS,GAS,GAS,CCGT - With CCS,8.159564823,0.47325,600,600,15,0.3,0,600,600,0.0,4,4,17.0,12.0,5.745362791,6.6942,6.9442,6.9442,6.9442,6.9442,6.9442,7.6942,7.6942,7.6942,7.6942,7.6942,7.6942,7.6942,7.6942,7.6942,7.6942,7.6942,7.6942,7.6942,7.6942,7.6942,7.6942,7.6942,7.6942,7.6942,3232.110348,3228.022858,3223.955805,3219.909087,3215.882602,3211.876251,2951.86853,2713.451767,2494.833053,2294.368367,2110.550202,1941.996238,1787.438941,1645.716031,1641.283785,1635.959004,1631.665011,1627.892539,1624.138929,1600.150051,1584.401286,1564.284894,1555.173366,1547.125051,1539.719355,1531.203077,1524.234966,1514.9696,1506.376775,1496.697859,1487.399038,1480.407803,1474.08843,1467.66113,1462.281965
SWQ-OCGT,SWQ OCGT,,SWQ,GAS,OCGT,GAS,GAS,OCGT - Without CCS,10.41968162,0.60434,1200,1200,100,0.3,0,1200,1200,0.0,1,1,4.0,10.0,7.181703488,8.36775,8.68025,8.68025,8.68025,8.68025,8.68025,9.61775,9.61775,9.61775,9.61775,9.61775,9.61775,9.61775,9.61775,9.61775,9.61775,9.61775,9.61775,9.61775,9.61775,9.61775,9.61775,9.61775,9.61775,9.61775,1113.289652,1108.126952,1102.990067,1097.878865,1092.79322,1087.733003,1082.698087,1077.688345,1072.703653,1067.743883,1062.808913,1057.898617,1053.012873,1048.151558,1043.314549,1038.501725,1033.712966,1028.94815,1024.207158,1019.489871,1014.796171,1010.125939,1005.479058,1000.855412,996.2548841,991.6773587,987.1227209,982.5908563,978.081651,973.5949917,969.1307658,964.6888609,960.2691656,955.8715688,951.49596
ADE-OCGT,ADE OCGT,,ADE,GAS,OCGT,GAS,GAS,OCGT - Without CCS,10.41968162,0.59392,1200,1200,100,0.3,0,1200,1200,0.0,1,1,4.0,10.0,8.582270557,9.029997719,9.658416257,9.660450175,9.661984529,9.66254539,9.66272178,10.60022178,10.60022178,10.60022178,10.60022178,10.60022178,10.60022178,10.60022178,10.60022178,10.60022178,10.60022178,10.60022178,10.60022178,10.60022178,10.60022178,10.60022178,10.60022178,10.60022178,10.60022178,10.60022178,1102.539852,1097.377152,1092.240267,1087.129065,1082.04342,1076.983203,1071.948287,1066.938545,1061.953853,1056.994083,1052.059113,1047.148817,1042.263073,1037.401758,1032.564749,1027.751925,1022.963166,1018.19835,1013.457358,1008.740071,1004.046371,999.3761391,994.7292584,990.1056122,985.5050841,980.9275587,976.3729209,971.8410563,967.331851,962.8451917,958.3809658,953.9390609,949.5193656,945.1217688,940.74616
NSA-OCGT,NSA OCGT,,NSA,GAS,OCGT,GAS,GAS,OCGT - Without CCS,10.41968162,0.59392,1200,1200,100,0.3,0,1200,1200,0.0,1,1,4.0,10.0,8.405479859,8.853207022,9.543345187,9.549196716,9.542662419,9.548230925,9.608402793,10.50842248,10.50510995,10.50321028,10.50298992,10.50206514,10.50011642,10.50051347,10.50194096,10.50021531,10.50063961,10.50091455,10.50091455,10.5013132,10.5013132,10.5013132,10.5013132,10.5013132,10.5013132,10.5013132,1102.539852,1097.377152,1092.240267,1087.129065,1082.04342,1076.983203,1071.948287,1066.938545,1061.953853,1056.994083,1052.059113,1047.148817,1042.263073,1037.401758,1032.564749,1027.751925,1022.963166,1018.19835,1013.457358,1008.740071,1004.046371,999.3761391,994.7292584,990.1056122,985.5050841,980.9275587,976.3729209,971.8410563,967.331851,962.8451917,958.3809658,953.9390609,949.5193656,945.1217688,940.74616
SESA-CCGT,SESA CCGT,,SESA,GAS,CCGT,GAS,GAS,CCGT - Without CCS,7.113218731,0.40545,600,600,15,0.3,0,600,600,0.0,4,4,10.0,7.0,6.865816445,7.223998176,7.726733005,7.72836014,7.729587623,7.730036312,7.730177424,8.480177424,8.480177424,8.480177424,8.480177424,8.480177424,8.480177424,8.480177424,8.480177424,8.480177424,8.480177424,8.480177424,8.480177424,8.480177424,8.480177424,8.480177424,8.480177424,8.480177424,8.480177424,8.480177424,1683.201668,1683.201668,1683.201668,1683.201668,1673.643304,1665.028078,1658.121102,1652.720231,1650.187071,1647.822071,1645.610847,1643.540606,1643.540606,1643.540606,1643.540606,1641.326034,1641.326034,1641.326034,1641.326034,1641.326034,1641.326034,1641.326034,1641.326034,1641.326034,1641.326034,1641.326034,1641.326034,1641.326034,1641.326034,1641.326034,1641.326034,1641.326034,1641.326034,1641.326034,1641.326034
SESA-OCGT,SESA OCGT,,SESA,GAS,OCGT,GAS,GAS,OCGT - Without CCS,10.41968162,0.59392,1200,1200,100,0.3,0,1200,1200,0.0,1,1,4.0,10.0,8.582270557,9.029997719,9.658416257,9.660450175,9.661984529,9.66254539,9.66272178,10.60022178,10.60022178,10.60022178,10.60022178,10.60022178,10.60022178,10.60022178,10.60022178,10.60022178,10.60022178,10.60022178,10.60022178,10.60022178,10.60022178,10.60022178,10.60022178,10.60022178,10.60022178,10.60022178,1222.539852,1217.377152,1212.240267,1207.129065,1202.04342,1196.983203,1191.948287,1186.938545,1181.953853,1176.994083,1172.059113,1167.148817,1162.263073,1157.401758,1152.564749,1147.751925,1142.963166,1138.19835,1133.457358,1128.740071,1124.046371,1119.376139,1114.729258,1110.105612,1105.505084,1100.927559,1096.372921,1091.841056,1087.331851,1082.845192,1078.380966,1073.939061,1069.519366,1065.121769,1060.74616
CVIC-OCGT,CVIC OCGT,,CVIC,GAS,OCGT,GAS,GAS,OCGT - Without CCS,10.41968162,0.5522400000000001,1200,1200,100,0.3,0,1200,1200,0.0,1,1,4.0,10.0,7.840447084,9.68247493,9.80747493,9.80747493,9.80747493,9.80747493,9.80747493,10.74497493,10.74497493,10.74497493,10.84773456,10.84773456,10.84773456,10.84773456,10.94467762,10.94467762,10.94467762,10.94467762,10.94467762,10.94467762,10.94467762,10.94467762,10.94467762,10.94467762,10.94467762,10.94467762,1113.289652,1108.126952,1102.990067,1097.878865,1092.79322,1087.733003,1082.698087,1077.688345,1072.703653,1067.743883,1062.808913,1057.898617,1053.012873,1048.151558,1043.314549,1038.501725,1033.712966,1028.94815,1024.207158,1019.489871,1014.796171,1010.125939,1005.479058,1000.855412,996.2548841,991.6773587,987.1227209,982.5908563,978.081651,973.5949917,969.1307658,964.6888609,960.2691656,955.8715688,951.49596
LV-CCGT,LV CCGT,,LV,GAS,CCGT,GAS,GAS,CCGT - Without CCS,7.113218731,0.377,600,600,15,0.3,0,600,600,0.0,4,4,10.0,7.0,6.09456976,6.705029246,7.96824413,7.96824413,7.96824413,7.96824413,7.96824413,8.71824413,8.71824413,8.71824413,8.800451838,8.800451838,8.800451838,8.800451838,8.878006279,8.878006279,8.878006279,8.878006279,8.878006279,8.878006279,8.878006279,8.878006279,8.878006279,8.878006279,8.878006279,8.878006279,1557.882868,1557.882868,1557.882868,1557.882868,1548.324504,1539.709278,1532.802302,1527.401431,1524.868271,1522.503271,1520.292047,1518.221806,1518.221806,1518.221806,1518.221806,1516.007234,1516.007234,1516.007234,1516.007234,1516.007234,1516.007234,1516.007234,1516.007234,1516.007234,1516.007234,1516.007234,1516.007234,1516.007234,1516.007234,1516.007234,1516.007234,1516.007234,1516.007234,1516.007234,1516.007234
LV-CCGT-CCS,LV CCGT CCS,,LV,GAS,CCGT-CCS,GAS,GAS,CCGT - With CCS,8.159564823,0.43245999999999996,600,600,15,0.3,0,600,600,0.0,4,4,17.0,12.0,6.09456976,6.705029246,7.96824413,7.96824413,7.96824413,7.96824413,7.96824413,8.71824413,8.71824413,8.71824413,8.800451838,8.800451838,8.800451838,8.800451838,8.878006279,8.878006279,8.878006279,8.878006279,8.878006279,8.878006279,8.878006279,8.878006279,8.878006279,8.878006279,8.878006279,8.878006279,3216.041748,3211.954258,3207.887205,3203.840487,3199.814002,3195.807651,2935.79993,2697.383167,2478.764453,2278.299767,2094.481602,1925.927638,1771.370341,1629.647431,1625.215185,1619.890404,1615.596411,1611.823939,1608.070329,1584.081451,1568.332686,1548.216294,1539.104766,1531.056451,1523.650755,1515.134477,1508.166366,1498.901,1490.308175,1480.629259,1471.330438,1464.339203,1458.01983,1451.59253,1446.213365
LV-OCGT,LV OCGT,,LV,GAS,OCGT,GAS,GAS,OCGT - Without CCS,10.41968162,0.5522400000000001,1200,1200,100,0.3,0,1200,1200,0.0,1,1,4.0,10.0,7.6182122,8.381286558,9.960305163,9.960305163,9.960305163,9.960305163,9.960305163,10.89780516,10.89780516,10.89780516,11.0005648,11.0005648,11.0005648,11.0005648,11.09750785,11.09750785,11.09750785,11.09750785,11.09750785,11.09750785,11.09750785,11.09750785,11.09750785,11.09750785,11.09750785,11.09750785,1097.221052,1092.058352,1086.921467,1081.810265,1076.72462,1071.664403,1066.629487,1061.619745,1056.635053,1051.675283,1046.740313,1041.830017,1036.944273,1032.082958,1027.245949,1022.433125,1017.644366,1012.87955,1008.138558,1003.421271,998.727571,994.0573391,989.4104584,984.7868122,980.1862841,975.6087587,971.0541209,966.5222563,962.013051,957.5263917,953.0621658,948.6202609,944.2005656,939.8029688,935.42736
MEL-OCGT,MEL OCGT,,MEL,GAS,OCGT,GAS,GAS,OCGT - Without CCS,10.41968162,0.5522400000000001,1200,1200,100,0.3,0,1200,1200,0.0,1,1,4.0,10.0,7.730493122,8.377614713,9.956759583,9.956945605,9.957214508,9.956736103,9.958333566,10.8959014,10.89598185,10.89592339,10.99873051,10.99873025,10.99879014,10.99875241,11.09569978,11.09571732,11.0957857,11.09573497,11.09575951,11.09576922,11.09576922,11.09576922,11.09576922,11.09576922,11.09576922,11.09576922,1113.289652,1108.126952,1102.990067,1097.878865,1092.79322,1087.733003,1082.698087,1077.688345,1072.703653,1067.743883,1062.808913,1057.898617,1053.012873,1048.151558,1043.314549,1038.501725,1033.712966,1028.94815,1024.207158,1019.489871,1014.796171,1010.125939,1005.479058,1000.855412,996.2548841,991.6773587,987.1227209,982.5908563,978.081651,973.5949917,969.1307658,964.6888609,960.2691656,955.8715688,951.49596
NVIC-OCGT,NVIC OCGT,,NVIC,GAS,OCGT,GAS,GAS,OCGT - Without CCS,10.41968162,0.5522400000000001,1200,1200,100,0.3,0,1200,1200,0.0,1,1,4.0,10.0,5.917483073,6.280860383,7.781869578,7.781878794,7.779832978,7.784380338,7.803730592,8.75,8.75,8.75,8.75,8.75,8.75,8.75,8.75,8.75,8.75,8.75,8.75,8.75,8.75,8.75,8.75,8.75,8.75,8.75,1098.598624,1093.435925,1088.299039,1083.187838,1078.102193,1073.041975,1068.007059,1062.997318,1058.012625,1053.052856,1048.117886,1043.20759,1038.321846,1033.460531,1028.623522,1023.810698,1019.021938,1014.257123,1009.516131,1004.798844,1000.105144,995.4349119,990.7880312,986.1643849,981.5638568,976.9863314,972.4316936,967.899829,963.3906237,958.9039645,954.4397385,949.9978337,945.5781384,941.1805415,936.8049327
TAS-CCGT,TAS CCGT,,TAS,GAS,CCGT,GAS,GAS,CCGT - Without CCS,7.113218731,0.39833999999999997,600,600,15,0.3,0,600,600,0.0,4,4,10.0,7.0,6.617023256,6.617023256,9.229674419,9.229674419,9.229674419,9.229674419,9.229674419,9.979674419,9.979674419,9.979674419,9.979674419,9.979674419,9.979674419,9.979674419,9.979674419,9.979674419,9.979674419,9.979674419,9.979674419,9.979674419,9.979674419,9.979674419,9.979674419,9.979674419,9.979674419,9.979674419,1583.201668,1583.201668,1583.201668,1583.201668,1573.643304,1565.028078,1558.121102,1552.720231,1550.187071,1547.822071,1545.610847,1543.540606,1543.540606,1543.540606,1543.540606,1541.326034,1541.326034,1541.326034,1541.326034,1541.326034,1541.326034,1541.326034,1541.326034,1541.326034,1541.326034,1541.326034,1541.326034,1541.326034,1541.326034,1541.326034,1541.326034,1541.326034,1541.326034,1541.326034,1541.326034
TAS-OCGT,TAS OCGT,,TAS,GAS,OCGT,GAS,GAS,OCGT - Without CCS,10.41968162,0.5835,1200,1200,100,0.3,0,1200,1200,0.0,1,1,4.0,10.0,8.27127907,8.27127907,11.53709302,11.53709302,11.53709302,11.53709302,11.53709302,12.47459302,12.47459302,12.47459302,12.47459302,12.47459302,12.47459302,12.47459302,12.47459302,12.47459302,12.47459302,12.47459302,12.47459302,12.47459302,12.47459302,12.47459302,12.47459302,12.47459302,12.47459302,12.47459302,1122.539852,1117.377152,1112.240267,1107.129065,1102.04342,1096.983203,1091.948287,1086.938545,1081.953853,1076.994083,1072.059113,1067.148817,1062.263073,1057.401758,1052.564749,1047.751925,1042.963166,1038.19835,1033.457358,1028.740071,1024.046371,1019.376139,1014.729258,1010.105612,1005.505084,1000.927559,996.3729209,991.8410563,987.331851,982.8451917,978.3809658,973.9390609,969.5193656,965.1217688,960.74616
NNS-COAL-SC,NNS Coal SC,,NNS,COAL,COAL-SC,COAL,BLACK-COAL,Supercritical PC - Black coal without CCS,8.670520231,0.7890199999999999,900,900,120,0.1,40,900,900,0.4,8,8,50.5,4.0,2.486450561,2.552229282,2.601215655,2.59132451,2.571207136,2.54138941,2.506577442,2.473464192,2.441361667,2.410726133,2.387420126,2.37406815,2.361040429,2.346981406,2.333224494,2.320576473,2.309454429,2.299711577,2.29122468,2.283673895,2.276836195,2.270540509,2.264512141,2.258763822,2.258763822,2.258763822,3216.290666,3200.959213,3185.704417,3170.525895,3155.423265,3140.396149,3125.444168,3110.566947,3095.764113,3081.035292,3066.380116,3051.798215,3037.289224,3022.852778,3008.488514,2994.196071,2979.975091,2965.825216,2951.746089,2937.737359,2923.798672,2909.929679,2896.13003,2882.39938,2868.737383,2855.143696,2841.617978,2828.159888,2814.769089,2801.445243,2788.188017,2774.997077,2761.872092,2748.812731,2735.818667
NNS-COAL-SC-CCS,NNS Coal SC CCS,,NNS,COAL,COAL-SC-CCS,COAL,BLACK-COAL,Supercritical PC - Black coal with CCS,11.52368758,1.0486600000000001,900,900,120,0.1,40,900,900,0.4,8,8,73.2,9.0,2.486450561,2.552229282,2.601215655,2.59132451,2.571207136,2.54138941,2.506577442,2.473464192,2.441361667,2.410726133,2.387420126,2.37406815,2.361040429,2.346981406,2.333224494,2.320576473,2.309454429,2.299711577,2.29122468,2.283673895,2.276836195,2.270540509,2.264512141,2.258763822,2.258763822,2.258763822,7054.058285,7031.49128,7009.03711,6986.695211,6964.465021,6942.345983,6694.827028,6456.327878,6226.519843,6005.086212,5791.721813,5586.132597,5388.03523,5197.156702,5175.396063,5152.807271,5131.360024,5110.532232,5089.80858,5048.441625,5015.59928,4978.366572,4952.489666,4927.784565,4903.820026,4878.799772,4855.446843,4829.821832,4804.966399,4779.078712,4753.660237,4730.684968,4708.476983,4686.237117,4665.149174
CQ-COAL-SC,CQ Coal SC,,CQ,COAL,COAL-SC,COAL,BLACK-COAL,Supercritical PC - Black coal without CCS,8.670520231,0.80636,900,900,120,0.1,40,900,900,0.4,8,8,50.5,4.0,2.15825746,2.221775422,2.269078174,2.259526979,2.240101023,2.211308107,2.177692597,2.145717421,2.114718233,2.085135617,2.062630617,2.049737538,2.037157569,2.023581743,2.010297644,1.998084325,1.987344536,1.977936539,1.969741328,1.962450057,1.955847364,1.949768055,1.943946877,1.938396123,1.938396123,1.938396123,3146.290666,3130.959213,3115.704417,3100.525895,3085.423265,3070.396149,3055.444168,3040.566947,3025.764113,3011.035292,2996.380116,2981.798215,2967.289224,2952.852778,2938.488514,2924.196071,2909.975091,2895.825216,2881.746089,2867.737359,2853.798672,2839.929679,2826.13003,2812.39938,2798.737383,2785.143696,2771.617978,2758.159888,2744.769089,2731.445243,2718.188017,2704.997077,2691.872092,2678.812731,2665.818667
CQ-COAL-SC-CCS,CQ Coal SC CCS,,CQ,COAL,COAL-SC-CCS,COAL,BLACK-COAL,Supercritical PC - Black coal with CCS,11.52368758,1.0717,900,900,120,0.1,40,900,900,0.4,8,8,73.2,9.0,2.15825746,2.221775422,2.269078174,2.259526979,2.240101023,2.211308107,2.177692597,2.145717421,2.114718233,2.085135617,2.062630617,2.049737538,2.037157569,2.023581743,2.010297644,1.998084325,1.987344536,1.977936539,1.969741328,1.962450057,1.955847364,1.949768055,1.943946877,1.938396123,1.938396123,1.938396123,6984.058285,6961.49128,6939.03711,6916.695211,6894.465021,6872.345983,6624.827028,6386.327878,6156.519843,5935.086212,5721.721813,5516.132597,5318.03523,5127.156702,5105.396063,5082.807271,5061.360024,5040.532232,5019.80858,4978.441625,4945.59928,4908.366572,4882.489666,4857.784565,4833.820026,4808.799772,4785.446843,4759.821832,4734.966399,4709.078712,4683.660237,4660.684968,4638.476983,4616.237117,4595.149174
NQ-COAL-SC,NQ Coal SC,,NQ,COAL,COAL-SC,COAL,BLACK-COAL,Supercritical PC - Black coal without CCS,8.670520231,0.80636,900,900,120,0.1,40,900,900,0.4,8,8,50.5,4.0,1.922316446,1.922316446,1.922316446,1.922316446,1.922316446,1.922316446,1.922316446,1.922316446,1.922316446,1.922316446,1.922316446,1.922316446,1.922316446,1.922316446,1.922316446,1.922316446,1.922316446,1.922316446,1.922316446,1.922316446,1.922316446,1.922316446,1.922316446,1.922316446,1.922316446,1.922316446,3356.290666,3340.959213,3325.704417,3310.525895,3295.423265,3280.396149,3265.444168,3250.566947,3235.764113,3221.035292,3206.380116,3191.798215,3177.289224,3162.852778,3148.488514,3134.196071,3119.975091,3105.825216,3091.746089,3077.737359,3063.798672,3049.929679,3036.13003,3022.39938,3008.737383,2995.143696,2981.617978,2968.159888,2954.769089,2941.445243,2928.188017,2914.997077,2901.872092,2888.812731,2875.818667
NQ-COAL-SC-CCS,NQ Coal SC CCS,,NQ,COAL,COAL-SC-CCS,COAL,BLACK-COAL,Supercritical PC - Black coal with CCS,11.52368758,1.0717,900,900,120,0.1,40,900,900,0.4,8,8,73.2,9.0,1.922316446,1.922316446,1.922316446,1.922316446,1.922316446,1.922316446,1.922316446,1.922316446,1.922316446,1.922316446,1.922316446,1.922316446,1.922316446,1.922316446,1.922316446,1.922316446,1.922316446,1.922316446,1.922316446,1.922316446,1.922316446,1.922316446,1.922316446,1.922316446,1.922316446,1.922316446,7194.058285,7171.49128,7149.03711,7126.695211,7104.465021,7082.345983,6834.827028,6596.327878,6366.519843,6145.086212,5931.721813,5726.132597,5528.03523,5337.156702,5315.396063,5292.807271,5271.360024,5250.532232,5229.80858,5188.441625,5155.59928,5118.366572,5092.489666,5067.784565,5043.820026,5018.799772,4995.446843,4969.821832,4944.966399,4919.078712,4893.660237,4870.684968,4848.476983,4826.237117,4805.149174
SEQ-COAL-SC,SEQ Coal SC,,SEQ,COAL,COAL-SC,COAL,BLACK-COAL,Supercritical PC - Black coal without CCS,8.670520231,0.80636,900,900,120,0.1,40,900,900,0.4,8,8,50.5,4.0,1.537483771,1.537483771,1.537483771,1.537483771,1.537483771,1.537483771,1.537483771,1.537483771,1.537483771,1.537483771,1.537483771,1.537483771,1.537483771,1.537483771,1.537483771,1.537483771,1.537483771,1.537483771,1.537483771,1.537483771,1.537483771,1.537483771,1.537483771,1.537483771,1.537483771,1.537483771,3066.290666,3050.959213,3035.704417,3020.525895,3005.423265,2990.396149,2975.444168,2960.566947,2945.764113,2931.035292,2916.380116,2901.798215,2887.289224,2872.852778,2858.488514,2844.196071,2829.975091,2815.825216,2801.746089,2787.737359,2773.798672,2759.929679,2746.13003,2732.39938,2718.737383,2705.143696,2691.617978,2678.159888,2664.769089,2651.445243,2638.188017,2624.997077,2611.872092,2598.812731,2585.818667
SEQ-COAL-SC-CCS,SEQ Coal SC CCS,,SEQ,COAL,COAL-SC-CCS,COAL,BLACK-COAL,Supercritical PC - Black coal with CCS,11.52368758,1.0717,900,900,120,0.1,40,900,900,0.4,8,8,73.2,9.0,1.537483771,1.537483771,1.537483771,1.537483771,1.537483771,1.537483771,1.537483771,1.537483771,1.537483771,1.537483771,1.537483771,1.537483771,1.537483771,1.537483771,1.537483771,1.537483771,1.537483771,1.537483771,1.537483771,1.537483771,1.537483771,1.537483771,1.537483771,1.537483771,1.537483771,1.537483771,6904.058285,6881.49128,6859.03711,6836.695211,6814.465021,6792.345983,6544.827028,6306.327878,6076.519843,5855.086212,5641.721813,5436.132597,5238.03523,5047.156702,5025.396063,5002.807271,4981.360024,4960.532232,4939.80858,4898.441625,4865.59928,4828.366572,4802.489666,4777.784565,4753.820026,4728.799772,4705.446843,4679.821832,4654.966399,4629.078712,4603.660237,4580.684968,4558.476983,4536.237117,4515.149174
SWQ-COAL-SC,SWQ Coal SC,,SWQ,COAL,COAL-SC,COAL,BLACK-COAL,Supercritical PC - Black coal without CCS,8.670520231,0.80636,900,900,120,0.1,40,900,900,0.4,8,8,50.5,4.0,1.537483771,1.537483771,1.537483771,1.537483771,1.537483771,1.537483771,1.537483771,1.537483771,1.537483771,1.537483771,1.537483771,1.537483771,1.537483771,1.537483771,1.537483771,1.537483771,1.537483771,1.537483771,1.537483771,1.537483771,1.537483771,1.537483771,1.537483771,1.537483771,1.537483771,1.537483771,3186.290666,3170.959213,3155.704417,3140.525895,3125.423265,3110.396149,3095.444168,3080.566947,3065.764113,3051.035292,3036.380116,3021.798215,3007.289224,2992.852778,2978.488514,2964.196071,2949.975091,2935.825216,2921.746089,2907.737359,2893.798672,2879.929679,2866.13003,2852.39938,2838.737383,2825.143696,2811.617978,2798.159888,2784.769089,2771.445243,2758.188017,2744.997077,2731.872092,2718.812731,2705.818667
SWQ-COAL-SC-CCS,SWQ Coal SC CCS,,SWQ,COAL,COAL-SC-CCS,COAL,BLACK-COAL,Supercritical PC - Black coal with CCS,11.52368758,1.0717,900,900,120,0.1,40,900,900,0.4,8,8,73.2,9.0,1.537483771,1.537483771,1.537483771,1.537483771,1.537483771,1.537483771,1.537483771,1.537483771,1.537483771,1.537483771,1.537483771,1.537483771,1.537483771,1.537483771,1.537483771,1.537483771,1.537483771,1.537483771,1.537483771,1.537483771,1.537483771,1.537483771,1.537483771,1.537483771,1.537483771,1.537483771,7024.058285,7001.49128,6979.03711,6956.695211,6934.465021,6912.345983,6664.827028,6426.327878,6196.519843,5975.086212,5761.721813,5556.132597,5358.03523,5167.156702,5145.396063,5122.807271,5101.360024,5080.532232,5059.80858,5018.441625,4985.59928,4948.366572,4922.489666,4897.784565,4873.820026,4848.799772,4825.446843,4799.821832,4774.966399,4749.078712,4723.660237,4700.684968,4678.476983,4656.237117,4635.149174
LV-COAL-SC,LV Coal SC,,LV,COAL,COAL-SC,COAL,BROWN-COAL,Supercritical PC - Brown coal without CCS,12.47833622,1.2104000000000001,900,900,120,0.1,40,900,900,0.4,16,16,65.5,5.0,0.403734401,0.407771745,0.411849462,0.415967957,0.420127636,0.424328913,0.428572202,0.432857924,0.437186503,0.441558368,0.445973952,0.450433691,0.454938028,0.459487408,0.464082283,0.468723105,0.473410336,0.47814444,0.482925884,0.487755143,0.492632694,0.497559021,0.502534612,0.507559958,0.507559958,0.507559958,4024.067886,4004.397547,3984.825559,3965.351431,3945.974674,3926.694801,3907.511327,3888.42377,3869.431651,3850.534493,3831.731821,3813.023162,3794.408046,3775.886006,3757.456576,3739.119293,3720.873696,3702.719328,3684.655731,3666.682452,3648.79904,3631.005045,3613.30002,3595.68352,3578.155102,3560.714327,3543.360755,3526.093951,3508.913481,3491.818914,3474.809819,3457.88577,3441.046341,3424.29111,3407.619654
LV-COAL-SC-CCS,LV Coal SC CCS,,LV,COAL,COAL-SC-CCS,COAL,BROWN-COAL,Supercritical PC - Brown coal with CCS,17.34939759,1.68289,900,900,120,0.1,40,900,900,0.4,16,16,96.5,11.0,0.403734401,0.407771745,0.411849462,0.415967957,0.420127636,0.424328913,0.428572202,0.432857924,0.437186503,0.441558368,0.445973952,0.450433691,0.454938028,0.459487408,0.464082283,0.468723105,0.473410336,0.47814444,0.482925884,0.487755143,0.492632694,0.497559021,0.502534612,0.507559958,0.507559958,0.507559958,8525.350384,8494.840128,8464.482424,8434.276508,8404.221622,8374.31701,8129.366511,7891.658702,7660.979433,7437.120883,7219.881378,7009.065206,6804.482441,6605.948775,6576.760798,6546.804285,6518.001476,6489.842612,6461.824542,6413.697413,6373.92913,6329.91439,6297.021374,6265.310233,6234.35988,6202.416945,6172.138947,6139.680806,6108.011019,6075.370798,6043.2254,6013.501273,5984.56252,5955.628971,5927.855842
CAN-SOLAR-PV-DAT,CAN Solar PV DAT,,CAN,SOLAR,SOLAR-PV-DAT,SOLAR,SOLAR,Solar PV DAT,0.0,0.0,10000,10000,0,0.0,0,10000,10000,0.0,0,0,39.0,0.0,0.0,0.0,0.0,0.0,0.0,0.0,0.0,0.0,0.0,0.0,0.0,0.0,0.0,0.0,0.0,0.0,0.0,0.0,0.0,0.0,0.0,0.0,0.0,0.0,0.0,0.0,2796.065956,2708.177772,2630.217286,2546.856237,2463.495189,2429.421332,2397.559624,2370.464249,2347.149646,2142.082375,1955.563764,1785.916055,1631.61325,1491.267378,1476.710734,1366.566357,1265.107947,1171.65053,1085.56315,1006.264607,1002.849576,999.4251077,995.995773,992.5661903,989.1410043,985.7248663,982.3224142,978.9382525,975.5769319,971.9287991,968.6264994,965.3601754,962.1339708,958.9518831,955.8177482
CAN-SOLAR-PV-FFP,CAN Solar PV FFP,,CAN,SOLAR,SOLAR-PV-FFP,SOLAR,SOLAR,Solar PV FFP,0.0,0.0,10000,10000,0,0.0,0,10000,10000,0.0,0,0,25.0,0.0,0.0,0.0,0.0,0.0,0.0,0.0,0.0,0.0,0.0,0.0,0.0,0.0,0.0,0.0,0.0,0.0,0.0,0.0,0.0,0.0,0.0,0.0,0.0,0.0,0.0,0.0,1907.171643,1848.046865,1795.600719,1739.521469,1683.442218,1660.519805,1639.085565,1620.857767,1605.173398,1467.219053,1341.742895,1227.616255,1123.81255,1029.398054,1019.605403,945.5082765,877.2544371,814.3830841,756.4697556,703.1234626,700.8260786,698.5223452,696.2153382,693.9081644,691.6039483,689.3058191,687.0168968,684.740279,682.4790269,680.0248285,677.8032814,675.6059362,673.4355803,671.2949032,669.1864852
CAN-SOLAR-PV-SAT,CAN Solar PV SAT,,CAN,SOLAR,SOLAR-PV-SAT,SOLAR,SOLAR,Solar PV SAT,0.0,0.0,10000,10000,0,0.0,0,10000,10000,0.0,0,0,30.0,0.0,0.0,0.0,0.0,0.0,0.0,0.0,0.0,0.0,0.0,0.0,0.0,0.0,0.0,0.0,0.0,0.0,0.0,0.0,0.0,0.0,0.0,0.0,0.0,0.0,0.0,0.0,2252.852765,2182.542218,2120.173828,2053.48499,1986.796152,1959.537066,1934.047699,1912.371399,1893.719717,1729.6659,1580.451011,1444.7328440000001,1321.2906,1209.013903,1197.368587,1109.253086,1028.086358,953.3204243,884.4505202,821.0116853,818.279661,815.5400861,812.7966184,810.0529522,807.3128034,804.579893,801.8579314,799.150602,796.4615455,793.5430393,790.9011995,788.2881403,785.7071766,783.1615065,780.6541986
NCEN-SOLAR-PV-DAT,NCEN Solar PV DAT,,NCEN,SOLAR,SOLAR-PV-DAT,SOLAR,SOLAR,Solar PV DAT,0.0,0.0,10000,10000,0,0.0,0,10000,10000,0.0,0,0,39.0,0.0,0.0,0.0,0.0,0.0,0.0,0.0,0.0,0.0,0.0,0.0,0.0,0.0,0.0,0.0,0.0,0.0,0.0,0.0,0.0,0.0,0.0,0.0,0.0,0.0,0.0,0.0,2816.065956,2728.177772,2650.217286,2566.856237,2483.495189,2449.421332,2417.559624,2390.464249,2367.149646,2162.082375,1975.563764,1805.916055,1651.61325,1511.267378,1496.710734,1386.566357,1285.107947,1191.65053,1105.56315,1026.264607,1022.849576,1019.425108,1015.995773,1012.56619,1009.141004,1005.724866,1002.322414,998.9382525,995.5769319,991.9287991,988.6264994,985.3601754,982.1339708,978.9518831,975.8177482
NCEN-SOLAR-PV-FFP,NCEN Solar PV FFP,,NCEN,SOLAR,SOLAR-PV-FFP,SOLAR,SOLAR,Solar PV FFP,0.0,0.0,10000,10000,0,0.0,0,10000,10000,0.0,0,0,25.0,0.0,0.0,0.0,0.0,0.0,0.0,0.0,0.0,0.0,0.0,0.0,0.0,0.0,0.0,0.0,0.0,0.0,0.0,0.0,0.0,0.0,0.0,0.0,0.0,0.0,0.0,0.0,1927.171643,1868.046865,1815.600719,1759.521469,1703.442218,1680.519805,1659.085565,1640.857767,1625.173398,1487.219053,1361.742895,1247.616255,1143.81255,1049.398054,1039.605403,965.5082765,897.2544371,834.3830841,776.4697556,723.1234626,720.8260786,718.5223452,716.2153382,713.9081644,711.6039483,709.3058191,707.0168968,704.740279,702.4790269,700.0248285,697.8032814,695.6059362,693.4355803,691.2949032,689.1864852
NCEN-SOLAR-PV-SAT,NCEN Solar PV SAT,,NCEN,SOLAR,SOLAR-PV-SAT,SOLAR,SOLAR,Solar PV SAT,0.0,0.0,10000,10000,0,0.0,0,10000,10000,0.0,0,0,30.0,0.0,0.0,0.0,0.0,0.0,0.0,0.0,0.0,0.0,0.0,0.0,0.0,0.0,0.0,0.0,0.0,0.0,0.0,0.0,0.0,0.0,0.0,0.0,0.0,0.0,0.0,0.0,2272.852765,2202.542218,2140.173828,2073.48499,2006.796152,1979.537066,1954.047699,1932.371399,1913.719717,1749.6659,1600.451011,1464.7328440000001,1341.2906,1229.013903,1217.368587,1129.253086,1048.086358,973.3204243,904.4505202,841.0116853,838.279661,835.5400861,832.7966184,830.0529522,827.3128034,824.579893,821.8579314,819.150602,816.4615455,813.5430393,810.9011995,808.2881403,805.7071766,803.1615065,800.6541986
NNS-SOLAR-PV-DAT,NNS Solar PV DAT,,NNS,SOLAR,SOLAR-PV-DAT,SOLAR,SOLAR,Solar PV DAT,0.0,0.0,10000,10000,0,0.0,0,10000,10000,0.0,0,0,39.0,0.0,0.0,0.0,0.0,0.0,0.0,0.0,0.0,0.0,0.0,0.0,0.0,0.0,0.0,0.0,0.0,0.0,0.0,0.0,0.0,0.0,0.0,0.0,0.0,0.0,0.0,0.0,2816.065956,2728.177772,2650.217286,2566.856237,2483.495189,2449.421332,2417.559624,2390.464249,2367.149646,2162.082375,1975.563764,1805.916055,1651.61325,1511.267378,1496.710734,1386.566357,1285.107947,1191.65053,1105.56315,1026.264607,1022.849576,1019.425108,1015.995773,1012.56619,1009.141004,1005.724866,1002.322414,998.9382525,995.5769319,991.9287991,988.6264994,985.3601754,982.1339708,978.9518831,975.8177482
NNS-SOLAR-PV-FFP,NNS Solar PV FFP,,NNS,SOLAR,SOLAR-PV-FFP,SOLAR,SOLAR,Solar PV FFP,0.0,0.0,10000,10000,0,0.0,0,10000,10000,0.0,0,0,25.0,0.0,0.0,0.0,0.0,0.0,0.0,0.0,0.0,0.0,0.0,0.0,0.0,0.0,0.0,0.0,0.0,0.0,0.0,0.0,0.0,0.0,0.0,0.0,0.0,0.0,0.0,0.0,1927.171643,1868.046865,1815.600719,1759.521469,1703.442218,1680.519805,1659.085565,1640.857767,1625.173398,1487.219053,1361.742895,1247.616255,1143.81255,1049.398054,1039.605403,965.5082765,897.2544371,834.3830841,776.4697556,723.1234626,720.8260786,718.5223452,716.2153382,713.9081644,711.6039483,709.3058191,707.0168968,704.740279,702.4790269,700.0248285,697.8032814,695.6059362,693.4355803,691.2949032,689.1864852
NNS-SOLAR-PV-SAT,NNS Solar PV SAT,,NNS,SOLAR,SOLAR-PV-SAT,SOLAR,SOLAR,Solar PV SAT,0.0,0.0,10000,10000,0,0.0,0,10000,10000,0.0,0,0,30.0,0.0,0.0,0.0,0.0,0.0,0.0,0.0,0.0,0.0,0.0,0.0,0.0,0.0,0.0,0.0,0.0,0.0,0.0,0.0,0.0,0.0,0.0,0.0,0.0,0.0,0.0,0.0,2272.852765,2202.542218,2140.173828,2073.48499,2006.796152,1979.537066,1954.047699,1932.371399,1913.719717,1749.6659,1600.451011,1464.7328440000001,1341.2906,1229.013903,1217.368587,1129.253086,1048.086358,973.3204243,904.4505202,841.0116853,838.279661,835.5400861,832.7966184,830.0529522,827.3128034,824.579893,821.8579314,819.150602,816.4615455,813.5430393,810.9011995,808.2881403,805.7071766,803.1615065,800.6541986
CQ-SOLAR-PV-DAT,CQ Solar PV DAT,,CQ,SOLAR,SOLAR-PV-DAT,SOLAR,SOLAR,Solar PV DAT,0.0,0.0,10000,10000,0,0.0,0,10000,10000,0.0,0,0,39.0,0.0,0.0,0.0,0.0,0.0,0.0,0.0,0.0,0.0,0.0,0.0,0.0,0.0,0.0,0.0,0.0,0.0,0.0,0.0,0.0,0.0,0.0,0.0,0.0,0.0,0.0,0.0,2796.065956,2708.177772,2630.217286,2546.856237,2463.495189,2429.421332,2397.559624,2370.464249,2347.149646,2142.082375,1955.563764,1785.916055,1631.61325,1491.267378,1476.710734,1366.566357,1265.107947,1171.65053,1085.56315,1006.264607,1002.849576,999.4251077,995.995773,992.5661903,989.1410043,985.7248663,982.3224142,978.9382525,975.5769319,971.9287991,968.6264994,965.3601754,962.1339708,958.9518831,955.8177482
CQ-SOLAR-PV-FFP,CQ Solar PV FFP,,CQ,SOLAR,SOLAR-PV-FFP,SOLAR,SOLAR,Solar PV FFP,0.0,0.0,10000,10000,0,0.0,0,10000,10000,0.0,0,0,25.0,0.0,0.0,0.0,0.0,0.0,0.0,0.0,0.0,0.0,0.0,0.0,0.0,0.0,0.0,0.0,0.0,0.0,0.0,0.0,0.0,0.0,0.0,0.0,0.0,0.0,0.0,0.0,1907.171643,1848.046865,1795.600719,1739.521469,1683.442218,1660.519805,1639.085565,1620.857767,1605.173398,1467.219053,1341.742895,1227.616255,1123.81255,1029.398054,1019.605403,945.5082765,877.2544371,814.3830841,756.4697556,703.1234626,700.8260786,698.5223452,696.2153382,693.9081644,691.6039483,689.3058191,687.0168968,684.740279,682.4790269,680.0248285,677.8032814,675.6059362,673.4355803,671.2949032,669.1864852
CQ-SOLAR-PV-SAT,CQ Solar PV SAT,,CQ,SOLAR,SOLAR-PV-SAT,SOLAR,SOLAR,Solar PV SAT,0.0,0.0,10000,10000,0,0.0,0,10000,10000,0.0,0,0,30.0,0.0,0.0,0.0,0.0,0.0,0.0,0.0,0.0,0.0,0.0,0.0,0.0,0.0,0.0,0.0,0.0,0.0,0.0,0.0,0.0,0.0,0.0,0.0,0.0,0.0,0.0,0.0,2252.852765,2182.542218,2120.173828,2053.48499,1986.796152,1959.537066,1934.047699,1912.371399,1893.719717,1729.6659,1580.451011,1444.7328440000001,1321.2906,1209.013903,1197.368587,1109.253086,1028.086358,953.3204243,884.4505202,821.0116853,818.279661,815.5400861,812.7966184,810.0529522,807.3128034,804.579893,801.8579314,799.150602,796.4615455,793.5430393,790.9011995,788.2881403,785.7071766,783.1615065,780.6541986
NQ-SOLAR-PV-DAT,NQ Solar PV DAT,,NQ,SOLAR,SOLAR-PV-DAT,SOLAR,SOLAR,Solar PV DAT,0.0,0.0,10000,10000,0,0.0,0,10000,10000,0.0,0,0,39.0,0.0,0.0,0.0,0.0,0.0,0.0,0.0,0.0,0.0,0.0,0.0,0.0,0.0,0.0,0.0,0.0,0.0,0.0,0.0,0.0,0.0,0.0,0.0,0.0,0.0,0.0,0.0,2894.193506,2806.305322,2728.344836,2644.983787,2561.622739,2527.548882,2495.687174,2468.591799,2445.277196,2240.209925,2053.691314,1884.043605,1729.7408,1589.394928,1574.838284,1464.693907,1363.235497,1269.77808,1183.6907,1104.392157,1100.977126,1097.552658,1094.123323,1090.69374,1087.268554,1083.852416,1080.449964,1077.065803,1073.704482,1070.056349,1066.754049,1063.487725,1060.261521,1057.079433,1053.945298
NQ-SOLAR-PV-FFP,NQ Solar PV FFP,,NQ,SOLAR,SOLAR-PV-FFP,SOLAR,SOLAR,Solar PV FFP,0.0,0.0,10000,10000,0,0.0,0,10000,10000,0.0,0,0,25.0,0.0,0.0,0.0,0.0,0.0,0.0,0.0,0.0,0.0,0.0,0.0,0.0,0.0,0.0,0.0,0.0,0.0,0.0,0.0,0.0,0.0,0.0,0.0,0.0,0.0,0.0,0.0,2005.299193,1946.174415,1893.728269,1837.649019,1781.569768,1758.647355,1737.213115,1718.985317,1703.300948,1565.346603,1439.870445,1325.743805,1221.9401,1127.525604,1117.732953,1043.635827,975.3819871,912.5106341,854.5973056,801.2510126,798.9536286,796.6498952,794.3428882,792.0357144,789.7314983,787.4333691,785.1444468,782.867829,780.6065769,778.1523785,775.9308314,773.7334862,771.5631303,769.4224532,767.3140352
NQ-SOLAR-PV-SAT,NQ Solar PV SAT,,NQ,SOLAR,SOLAR-PV-SAT,SOLAR,SOLAR,Solar PV SAT,0.0,0.0,10000,10000,0,0.0,0,10000,10000,0.0,0,0,30.0,0.0,0.0,0.0,0.0,0.0,0.0,0.0,0.0,0.0,0.0,0.0,0.0,0.0,0.0,0.0,0.0,0.0,0.0,0.0,0.0,0.0,0.0,0.0,0.0,0.0,0.0,0.0,2350.980315,2280.669768,2218.301378,2151.61254,2084.923702,2057.664616,2032.175249,2010.498949,1991.847267,1827.79345,1678.578561,1542.860394,1419.41815,1307.141453,1295.496137,1207.380636,1126.213908,1051.447974,982.5780702,919.1392353,916.407211,913.6676361,910.9241684,908.1805022,905.4403534,902.707443,899.9854814,897.278152,894.5890955,891.6705893,889.0287495,886.4156903,883.8347266,881.2890565,878.7817486
SEQ-SOLAR-PV-DAT,SEQ Solar PV DAT,,SEQ,SOLAR,SOLAR-PV-DAT,SOLAR,SOLAR,Solar PV DAT,0.0,0.0,10000,10000,0,0.0,0,10000,10000,0.0,0,0,39.0,0.0,0.0,0.0,0.0,0.0,0.0,0.0,0.0,0.0,0.0,0.0,0.0,0.0,0.0,0.0,0.0,0.0,0.0,0.0,0.0,0.0,0.0,0.0,0.0,0.0,0.0,0.0,2796.065956,2708.177772,2630.217286,2546.856237,2463.495189,2429.421332,2397.559624,2370.464249,2347.149646,2142.082375,1955.563764,1785.916055,1631.61325,1491.267378,1476.710734,1366.566357,1265.107947,1171.65053,1085.56315,1006.264607,1002.849576,999.4251077,995.995773,992.5661903,989.1410043,985.7248663,982.3224142,978.9382525,975.5769319,971.9287991,968.6264994,965.3601754,962.1339708,958.9518831,955.8177482
SEQ-SOLAR-PV-FFP,SEQ Solar PV FFP,,SEQ,SOLAR,SOLAR-PV-FFP,SOLAR,SOLAR,Solar PV FFP,0.0,0.0,10000,10000,0,0.0,0,10000,10000,0.0,0,0,25.0,0.0,0.0,0.0,0.0,0.0,0.0,0.0,0.0,0.0,0.0,0.0,0.0,0.0,0.0,0.0,0.0,0.0,0.0,0.0,0.0,0.0,0.0,0.0,0.0,0.0,0.0,0.0,1907.171643,1848.046865,1795.600719,1739.521469,1683.442218,1660.519805,1639.085565,1620.857767,1605.173398,1467.219053,1341.742895,1227.616255,1123.81255,1029.398054,1019.605403,945.5082765,877.2544371,814.3830841,756.4697556,703.1234626,700.8260786,698.5223452,696.2153382,693.9081644,691.6039483,689.3058191,687.0168968,684.740279,682.4790269,680.0248285,677.8032814,675.6059362,673.4355803,671.2949032,669.1864852
SEQ-SOLAR-PV-SAT,SEQ Solar PV SAT,,SEQ,SOLAR,SOLAR-PV-SAT,SOLAR,SOLAR,Solar PV SAT,0.0,0.0,10000,10000,0,0.0,0,10000,10000,0.0,0,0,30.0,0.0,0.0,0.0,0.0,0.0,0.0,0.0,0.0,0.0,0.0,0.0,0.0,0.0,0.0,0.0,0.0,0.0,0.0,0.0,0.0,0.0,0.0,0.0,0.0,0.0,0.0,0.0,2252.852765,2182.542218,2120.173828,2053.48499,1986.796152,1959.537066,1934.047699,1912.371399,1893.719717,1729.6659,1580.451011,1444.7328440000001,1321.2906,1209.013903,1197.368587,1109.253086,1028.086358,953.3204243,884.4505202,821.0116853,818.279661,815.5400861,812.7966184,810.0529522,807.3128034,804.579893,801.8579314,799.150602,796.4615455,793.5430393,790.9011995,788.2881403,785.7071766,783.1615065,780.6541986
SWQ-SOLAR-PV-DAT,SWQ Solar PV DAT,,SWQ,SOLAR,SOLAR-PV-DAT,SOLAR,SOLAR,Solar PV DAT,0.0,0.0,10000,10000,0,0.0,0,10000,10000,0.0,0,0,39.0,0.0,0.0,0.0,0.0,0.0,0.0,0.0,0.0,0.0,0.0,0.0,0.0,0.0,0.0,0.0,0.0,0.0,0.0,0.0,0.0,0.0,0.0,0.0,0.0,0.0,0.0,0.0,2786.722031,2698.833847,2620.873361,2537.512312,2454.151264,2420.077407,2388.215699,2361.120324,2337.805721,2132.73845,1946.219839,1776.57213,1622.269325,1481.923453,1467.366809,1357.222432,1255.764022,1162.306605,1076.219225,996.9206816,993.5056513,990.0811827,986.651848,983.2222653,979.7970793,976.3809413,972.9784892,969.5943275,966.2330069,962.5848741,959.2825744,956.0162504,952.7900458,949.6079581,946.4738232
SWQ-SOLAR-PV-FFP,SWQ Solar PV FFP,,SWQ,SOLAR,SOLAR-PV-FFP,SOLAR,SOLAR,Solar PV FFP,0.0,0.0,10000,10000,0,0.0,0,10000,10000,0.0,0,0,25.0,0.0,0.0,0.0,0.0,0.0,0.0,0.0,0.0,0.0,0.0,0.0,0.0,0.0,0.0,0.0,0.0,0.0,0.0,0.0,0.0,0.0,0.0,0.0,0.0,0.0,0.0,0.0,1897.827718,1838.70294,1786.256794,1730.177544,1674.098293,1651.17588,1629.74164,1611.513842,1595.829473,1457.875128,1332.39897,1218.27233,1114.468625,1020.054129,1010.261478,936.1643515,867.9105121,805.0391591,747.1258306,693.7795376,691.4821536,689.1784202,686.8714132,684.5642394,682.2600233,679.9618941,677.6729718,675.396354,673.1351019,670.6809035,668.4593564,666.2620112,664.0916553,661.9509782,659.8425602
SWQ-SOLAR-PV-SAT,SWQ Solar PV SAT,,SWQ,SOLAR,SOLAR-PV-SAT,SOLAR,SOLAR,Solar PV SAT,0.0,0.0,10000,10000,0,0.0,0,10000,10000,0.0,0,0,30.0,0.0,0.0,0.0,0.0,0.0,0.0,0.0,0.0,0.0,0.0,0.0,0.0,0.0,0.0,0.0,0.0,0.0,0.0,0.0,0.0,0.0,0.0,0.0,0.0,0.0,0.0,0.0,2243.50884,2173.198293,2110.829903,2044.141065,1977.452227,1950.193141,1924.703774,1903.027474,1884.375792,1720.321975,1571.107086,1435.388919,1311.946675,1199.669978,1188.024662,1099.909161,1018.742433,943.9764993,875.1065952,811.6677603,808.935736,806.1961611,803.4526934,800.7090272,797.9688784,795.235968,792.5140064,789.806677,787.1176205,784.1991143,781.5572745,778.9442153,776.3632516,773.8175815,771.3102736
NSA-SOLAR-PV-DAT,NSA Solar PV DAT,,NSA,SOLAR,SOLAR-PV-DAT,SOLAR,SOLAR,Solar PV DAT,0.0,0.0,10000,10000,0,0.0,0,10000,10000,0.0,0,0,39.0,0.0,0.0,0.0,0.0,0.0,0.0,0.0,0.0,0.0,0.0,0.0,0.0,0.0,0.0,0.0,0.0,0.0,0.0,0.0,0.0,0.0,0.0,0.0,0.0,0.0,0.0,0.0,2796.065956,2708.177772,2630.217286,2546.856237,2463.495189,2429.421332,2397.559624,2370.464249,2347.149646,2142.082375,1955.563764,1785.916055,1631.61325,1491.267378,1476.710734,1366.566357,1265.107947,1171.65053,1085.56315,1006.264607,1002.849576,999.4251077,995.995773,992.5661903,989.1410043,985.7248663,982.3224142,978.9382525,975.5769319,971.9287991,968.6264994,965.3601754,962.1339708,958.9518831,955.8177482
NSA-SOLAR-PV-FFP,NSA Solar PV FFP,,NSA,SOLAR,SOLAR-PV-FFP,SOLAR,SOLAR,Solar PV FFP,0.0,0.0,10000,10000,0,0.0,0,10000,10000,0.0,0,0,25.0,0.0,0.0,0.0,0.0,0.0,0.0,0.0,0.0,0.0,0.0,0.0,0.0,0.0,0.0,0.0,0.0,0.0,0.0,0.0,0.0,0.0,0.0,0.0,0.0,0.0,0.0,0.0,1907.171643,1848.046865,1795.600719,1739.521469,1683.442218,1660.519805,1639.085565,1620.857767,1605.173398,1467.219053,1341.742895,1227.616255,1123.81255,1029.398054,1019.605403,945.5082765,877.2544371,814.3830841,756.4697556,703.1234626,700.8260786,698.5223452,696.2153382,693.9081644,691.6039483,689.3058191,687.0168968,684.740279,682.4790269,680.0248285,677.8032814,675.6059362,673.4355803,671.2949032,669.1864852
NSA-SOLAR-PV-SAT,NSA Solar PV SAT,,NSA,SOLAR,SOLAR-PV-SAT,SOLAR,SOLAR,Solar PV SAT,0.0,0.0,10000,10000,0,0.0,0,10000,10000,0.0,0,0,30.0,0.0,0.0,0.0,0.0,0.0,0.0,0.0,0.0,0.0,0.0,0.0,0.0,0.0,0.0,0.0,0.0,0.0,0.0,0.0,0.0,0.0,0.0,0.0,0.0,0.0,0.0,0.0,2252.852765,2182.542218,2120.173828,2053.48499,1986.796152,1959.537066,1934.047699,1912.371399,1893.719717,1729.6659,1580.451011,1444.7328440000001,1321.2906,1209.013903,1197.368587,1109.253086,1028.086358,953.3204243,884.4505202,821.0116853,818.279661,815.5400861,812.7966184,810.0529522,807.3128034,804.579893,801.8579314,799.150602,796.4615455,793.5430393,790.9011995,788.2881403,785.7071766,783.1615065,780.6541986
CVIC-SOLAR-PV-DAT,CVIC Solar PV DAT,,CVIC,SOLAR,SOLAR-PV-DAT,SOLAR,SOLAR,Solar PV DAT,0.0,0.0,10000,10000,0,0.0,0,10000,10000,0.0,0,0,39.0,0.0,0.0,0.0,0.0,0.0,0.0,0.0,0.0,0.0,0.0,0.0,0.0,0.0,0.0,0.0,0.0,0.0,0.0,0.0,0.0,0.0,0.0,0.0,0.0,0.0,0.0,0.0,2806.065956,2718.177772,2640.217286,2556.856237,2473.495189,2439.421332,2407.559624,2380.464249,2357.149646,2152.082375,1965.563764,1795.916055,1641.61325,1501.267378,1486.710734,1376.566357,1275.107947,1181.65053,1095.56315,1016.264607,1012.849576,1009.425108,1005.995773,1002.56619,999.1410043,995.7248663,992.3224142,988.9382525,985.5769319,981.9287991,978.6264994,975.3601754,972.1339708,968.9518831,965.8177482
CVIC-SOLAR-PV-FFP,CVIC Solar PV FFP,,CVIC,SOLAR,SOLAR-PV-FFP,SOLAR,SOLAR,Solar PV FFP,0.0,0.0,10000,10000,0,0.0,0,10000,10000,0.0,0,0,25.0,0.0,0.0,0.0,0.0,0.0,0.0,0.0,0.0,0.0,0.0,0.0,0.0,0.0,0.0,0.0,0.0,0.0,0.0,0.0,0.0,0.0,0.0,0.0,0.0,0.0,0.0,0.0,1917.171643,1858.046865,1805.600719,1749.521469,1693.442218,1670.519805,1649.085565,1630.857767,1615.173398,1477.219053,1351.742895,1237.616255,1133.81255,1039.398054,1029.605403,955.5082765,887.2544371,824.3830841,766.4697556,713.1234626,710.8260786,708.5223452,706.2153382,703.9081644,701.6039483,699.3058191,697.0168968,694.740279,692.4790269,690.0248285,687.8032814,685.6059362,683.4355803,681.2949032,679.1864852
CVIC-SOLAR-PV-SAT,CVIC Solar PV SAT,,CVIC,SOLAR,SOLAR-PV-SAT,SOLAR,SOLAR,Solar PV SAT,0.0,0.0,10000,10000,0,0.0,0,10000,10000,0.0,0,0,30.0,0.0,0.0,0.0,0.0,0.0,0.0,0.0,0.0,0.0,0.0,0.0,0.0,0.0,0.0,0.0,0.0,0.0,0.0,0.0,0.0,0.0,0.0,0.0,0.0,0.0,0.0,0.0,2262.852765,2192.542218,2130.173828,2063.48499,1996.796152,1969.537066,1944.047699,1922.371399,1903.719717,1739.6659,1590.451011,1454.7328440000001,1331.2906,1219.013903,1207.368587,1119.253086,1038.086358,963.3204243,894.4505202,831.0116853,828.279661,825.5400861,822.7966184,820.0529522,817.3128034,814.579893,811.8579314,809.150602,806.4615455,803.5430393,800.9011995,798.2881403,795.7071766,793.1615065,790.6541986
