,PARAMETERS,PARAMETERS,PARAMETERS,PARAMETERS,PARAMETERS,PARAMETERS,PARAMETERS,PARAMETERS,PARAMETERS,PARAMETERS,PARAMETERS,PARAMETERS,PARAMETERS,PARAMETERS,PARAMETERS,PARAMETERS,PARAMETERS,PARAMETERS,PARAMETERS,PARAMETERS,PARAMETERS,PARAMETERS,PARAMETERS,PARAMETERS,PARAMETERS,PARAMETERS,PARAMETERS,PARAMETERS,PARAMETERS,FUEL_COST,FUEL_COST,FUEL_COST,FUEL_COST,FUEL_COST,FUEL_COST,FUEL_COST,FUEL_COST,FUEL_COST,FUEL_COST,FUEL_COST,FUEL_COST,FUEL_COST,FUEL_COST,FUEL_COST,FUEL_COST,FUEL_COST,FUEL_COST,FUEL_COST,FUEL_COST,FUEL_COST,FUEL_COST,FUEL_COST,FUEL_COST,FUEL_COST,FUEL_COST
,STATIONID,STATIONNAME,NEM_REGION,NEM_ZONE,NODE,FUEL_TYPE,FUEL_CAT,EMISSIONS,SCHEDULE_TYPE,REG_CAP,MIN_GEN,RR_STARTUP,RR_SHUTDOWN,RR_UP,RR_DOWN,MIN_ON_TIME,MIN_OFF_TIME,SU_COST_COLD,SU_COST_WARM,SU_COST_HOT,VOM,HEAT_RATE,NL_FUEL_CONS,FC_2016-17,SRMC_2016-17,FUEL_TYPE_PRIMARY,FUEL_TYPE_SUBCAT,TECHNOLOGY_CAT_PRIMARY,FOM,2016,2017,2018,2019,2020,2021,2022,2023,2024,2025,2026,2027,2028,2029,2030,2031,2032,2033,2034,2035,2036,2037,2038,2039,2040,2041
DUID,,,,,,,,,,,,,,,,,,,,,,,,,,,,,,,,,,,,,,,,,,,,,,,,,,,,,,,
WRWF1,WRWF1,White Rock Wind Farm,NSW1,NCEN,525.0,Wind,Wind,0.0,SEMI-SCHEDULED,175.0,0.0,900.0,180.0,900.0,180.0,1.0,1.0,875.0,525.0,350.0,0.0,3.6,0.0,0.0,0.0,WIND,WIND,WIND,71.76264772,0.0,0.0,0.0,0.0,0.0,0.0,0.0,0.0,0.0,0.0,0.0,0.0,0.0,0.0,0.0,0.0,0.0,0.0,0.0,0.0,0.0,0.0,0.0,0.0,0.0,0.0
YWPS4,YALLOURN,YALLOURN 'W' POWER STATION,VIC1,LV,276.0,Brown coal,Fossil,1.44707,SCHEDULED,380.0,228.0,130.0,140.0,260.0,260.0,16.0,16.0,133000.0,45600.0,15200.0,1.02,15.31914894,0.1,0.61,10.3646808534,COAL,BROWN-COAL,COAL,149.825794,0.61,0.61,0.61,0.623,0.636,0.638,0.64,0.643,0.645,0.648,0.65,0.653,0.656,0.66,0.663,0.667,0.671,0.676,0.68,0.686,0.691,0.697,0.703,0.71,0.717,0.717
YWPS1,YALLOURN,YALLOURN 'W' POWER STATION,VIC1,LV,276.0,Brown coal,Fossil,1.44707,SCHEDULED,360.0,216.0,130.0,140.0,260.0,260.0,16.0,16.0,126000.0,43200.0,14400.0,0.99,15.31914894,0.1,0.61,10.3346808534,COAL,BROWN-COAL,COAL,149.795263,0.61,0.61,0.61,0.623,0.636,0.638,0.64,0.643,0.645,0.648,0.65,0.653,0.656,0.66,0.663,0.667,0.671,0.676,0.68,0.686,0.691,0.697,0.703,0.71,0.717,0.717
YWPS2,YALLOURN,YALLOURN 'W' POWER STATION,VIC1,LV,276.0,Brown coal,Fossil,1.44707,SCHEDULED,360.0,216.0,130.0,140.0,260.0,260.0,16.0,16.0,126000.0,43200.0,14400.0,1.0,15.31914894,0.1,0.61,10.3446808534,COAL,BROWN-COAL,COAL,149.80544,0.61,0.61,0.61,0.623,0.636,0.638,0.64,0.643,0.645,0.648,0.65,0.653,0.656,0.66,0.663,0.667,0.671,0.676,0.68,0.686,0.691,0.697,0.703,0.71,0.717,0.717
YWPS3,YALLOURN,YALLOURN 'W' POWER STATION,VIC1,LV,276.0,Brown coal,Fossil,1.44707,SCHEDULED,380.0,228.0,130.0,140.0,260.0,260.0,16.0,16.0,133000.0,45600.0,15200.0,1.01,15.31914894,0.1,0.61,10.3546808534,COAL,BROWN-COAL,COAL,149.815617,0.61,0.61,0.61,0.623,0.636,0.638,0.64,0.643,0.645,0.648,0.65,0.653,0.656,0.66,0.663,0.667,0.671,0.676,0.68,0.686,0.691,0.697,0.703,0.71,0.717,0.717
MP2,MP,MT PIPER POWER STATION,NSW1,NCEN,216.0,Black coal,Fossil,0.95395,SCHEDULED,700.0,294.0,140.0,210.0,310.0,310.0,8.0,8.0,245000.0,84000.0,28000.0,1.0,9.72972973,0.1,2.104,21.471351351920003,COAL,BLACK-COAL,COAL,54.355357,2.104,2.009,2.101,2.256,2.374,2.425,2.482,2.547,2.68,2.79,2.873,3.02,3.142,3.277,3.391,3.442,3.481,3.531,3.616,3.659,3.659,3.659,3.659,3.659,3.659,3.659
MP1,MP,MT PIPER POWER STATION,NSW1,NCEN,216.0,Black coal,Fossil,0.95395,SCHEDULED,700.0,294.0,140.0,210.0,310.0,310.0,8.0,8.0,245000.0,84000.0,28000.0,1.0,9.72972973,0.1,2.104,21.471351351920003,COAL,BLACK-COAL,COAL,54.34518,2.104,2.009,2.101,2.256,2.374,2.425,2.482,2.547,2.68,2.79,2.873,3.02,3.142,3.277,3.391,3.442,3.481,3.531,3.616,3.659,3.659,3.659,3.659,3.659,3.659,3.659
BOCORWF1,BOCOROCK,Boco Rock Wind Farm,NSW1,CAN,16.0,Wind,Wind,0.0,SEMI-SCHEDULED,113.0,0.0,620.0,600.0,630.0,620.0,1.0,1.0,565.0,339.0,226.0,0.0,3.6,0.0,0.0,0.0,WIND,WIND,WIND,71.76264772,0.0,0.0,0.0,0.0,0.0,0.0,0.0,0.0,0.0,0.0,0.0,0.0,0.0,0.0,0.0,0.0,0.0,0.0,0.0,0.0,0.0,0.0,0.0,0.0,0.0,0.0
JLB02,JEERB,"Jeeralang ""B"" Power Station",VIC1,LV,280.0,Natural Gas (Pipeline),Fossil,0.90578,SCHEDULED,76.0,0.0,360.0,360.0,360.0,360.0,1.0,1.0,7600.0,7600.0,7600.0,10.4,15.72052402,0.3,6.7050292460000005,115.80657331654548,GAS,GAS,GAS,14.45134,6.705029246,7.96824413,7.96824413,7.96824413,7.96824413,7.96824413,8.71824413,8.71824413,8.71824413,8.800451838,8.800451838,8.800451838,8.800451838,8.878006279,8.878006279,8.878006279,8.878006279,8.878006279,8.878006279,8.878006279,8.878006279,8.878006279,8.878006279,8.878006279,8.878006279,8.878006279
JLB03,JEERB,"Jeeralang ""B"" Power Station",VIC1,LV,280.0,Natural Gas (Pipeline),Fossil,0.90578,SCHEDULED,76.0,0.0,360.0,360.0,360.0,360.0,1.0,1.0,7600.0,7600.0,7600.0,10.4,15.72052402,0.3,6.7050292460000005,115.80657331654548,GAS,GAS,GAS,14.461517,6.705029246,7.96824413,7.96824413,7.96824413,7.96824413,7.96824413,8.71824413,8.71824413,8.71824413,8.800451838,8.800451838,8.800451838,8.800451838,8.878006279,8.878006279,8.878006279,8.878006279,8.878006279,8.878006279,8.878006279,8.878006279,8.878006279,8.878006279,8.878006279,8.878006279,8.878006279
JLB01,JEERB,"Jeeralang ""B"" Power Station",VIC1,LV,280.0,Natural Gas (Pipeline),Fossil,0.90578,SCHEDULED,76.0,0.0,360.0,360.0,360.0,360.0,1.0,1.0,7600.0,7600.0,7600.0,10.4,15.72052402,0.3,6.7050292460000005,115.80657331654548,GAS,GAS,GAS,14.441163,6.705029246,7.96824413,7.96824413,7.96824413,7.96824413,7.96824413,8.71824413,8.71824413,8.71824413,8.800451838,8.800451838,8.800451838,8.800451838,8.878006279,8.878006279,8.878006279,8.878006279,8.878006279,8.878006279,8.878006279,8.878006279,8.878006279,8.878006279,8.878006279,8.878006279,8.878006279
REECE2,REECE,Reece Power Station,TAS1,TAS,829.0,Hydro,Hydro,0.0,SCHEDULED,116.0,0.0,880.0,890.0,1800.0,1800.0,1.0,1.0,580.0,348.0,232.0,7.0,0.0,0.0,0.0,7.0,HYDRO,HYDRO,HYDRO,57.70359,0.0,0.0,0.0,0.0,0.0,0.0,0.0,0.0,0.0,0.0,0.0,0.0,0.0,0.0,0.0,0.0,0.0,0.0,0.0,0.0,0.0,0.0,0.0,0.0,0.0,0.0
REECE1,REECE,Reece Power Station,TAS1,TAS,829.0,Hydro,Hydro,0.0,SCHEDULED,116.0,0.0,880.0,890.0,1800.0,1800.0,1.0,1.0,580.0,348.0,232.0,7.0,0.0,0.0,0.0,7.0,HYDRO,HYDRO,HYDRO,57.70359,0.0,0.0,0.0,0.0,0.0,0.0,0.0,0.0,0.0,0.0,0.0,0.0,0.0,0.0,0.0,0.0,0.0,0.0,0.0,0.0,0.0,0.0,0.0,0.0,0.0,0.0
LI_WY_CA,LI_WY_CA,Catagunya / Liapootah / Wayatinah Power Station,TAS1,TAS,87.0,Hydro,Hydro,0.0,SCHEDULED,170.0,0.0,940.0,940.0,2480.0,2480.0,1.0,1.0,850.0,510.0,340.0,7.0,0.0,0.0,0.0,7.0,HYDRO,HYDRO,HYDRO,57.70359,0.0,0.0,0.0,0.0,0.0,0.0,0.0,0.0,0.0,0.0,0.0,0.0,0.0,0.0,0.0,0.0,0.0,0.0,0.0,0.0,0.0,0.0,0.0,0.0,0.0,0.0
BRAEMAR1,BRAEMARA,Braemar Power Station,QLD1,SWQ,661.0,Coal seam methane,Fossil,0.66977,SCHEDULED,168.0,0.0,430.0,430.0,460.0,460.0,1.0,1.0,16800.0,16800.0,16800.0,10.4,12.0,0.3,5.745362791,79.34435349200001,GAS,GAS,GAS,14.430986,5.745362791,6.9442,6.9442,6.9442,6.9442,6.9442,7.6942,7.6942,7.6942,7.6942,7.6942,7.6942,7.6942,7.6942,7.6942,7.6942,7.6942,7.6942,7.6942,7.6942,7.6942,7.6942,7.6942,7.6942,7.6942,7.6942
BRAEMAR2,BRAEMARA,Braemar Power Station,QLD1,SWQ,661.0,Coal seam methane,Fossil,0.66977,SCHEDULED,168.0,0.0,430.0,430.0,460.0,460.0,1.0,1.0,16800.0,16800.0,16800.0,10.4,12.0,0.3,5.745362791,79.34435349200001,GAS,GAS,GAS,14.441163,5.745362791,6.9442,6.9442,6.9442,6.9442,6.9442,7.6942,7.6942,7.6942,7.6942,7.6942,7.6942,7.6942,7.6942,7.6942,7.6942,7.6942,7.6942,7.6942,7.6942,7.6942,7.6942,7.6942,7.6942,7.6942,7.6942
BRAEMAR3,BRAEMARA,Braemar Power Station,QLD1,SWQ,661.0,Coal seam methane,Fossil,0.66977,SCHEDULED,168.0,0.0,430.0,430.0,460.0,460.0,1.0,1.0,16800.0,16800.0,16800.0,10.4,12.0,0.3,5.745362791,79.34435349200001,GAS,GAS,GAS,14.45134,5.745362791,6.9442,6.9442,6.9442,6.9442,6.9442,7.6942,7.6942,7.6942,7.6942,7.6942,7.6942,7.6942,7.6942,7.6942,7.6942,7.6942,7.6942,7.6942,7.6942,7.6942,7.6942,7.6942,7.6942,7.6942,7.6942
LD04,LIDDELL,Liddell Power Station,NSW1,NCEN,245.0,Black coal,Fossil,1.02962,SCHEDULED,500.0,219.047619047619,120.0,100.0,240.0,180.0,8.0,8.0,175000.0,60000.0,20000.0,1.0,10.65088757,0.1,1.463,16.582248514910003,COAL,BLACK-COAL,COAL,57.723944,1.463,1.485,1.526,1.61,1.615,1.63,1.681,1.737,1.797,1.799,1.981,2.38,2.636,2.759,2.863,2.905,2.946,2.998,3.07,3.107,3.107,3.107,3.107,3.107,3.107,3.107
LD03,LIDDELL,Liddell Power Station,NSW1,NCEN,245.0,Black coal,Fossil,1.02962,SCHEDULED,500.0,219.047619047619,120.0,100.0,240.0,180.0,8.0,8.0,175000.0,60000.0,20000.0,1.0,10.65088757,0.1,1.463,16.582248514910003,COAL,BLACK-COAL,COAL,57.713767,1.463,1.485,1.526,1.61,1.615,1.63,1.681,1.737,1.797,1.799,1.981,2.38,2.636,2.759,2.863,2.905,2.946,2.998,3.07,3.107,3.107,3.107,3.107,3.107,3.107,3.107
LD01,LIDDELL,Liddell Power Station,NSW1,NCEN,245.0,Black coal,Fossil,1.02962,SCHEDULED,500.0,219.047619047619,120.0,100.0,240.0,180.0,8.0,8.0,175000.0,60000.0,20000.0,1.0,10.65088757,0.1,1.463,16.582248514910003,COAL,BLACK-COAL,COAL,57.693413,1.463,1.485,1.526,1.61,1.615,1.63,1.681,1.737,1.797,1.799,1.981,2.38,2.636,2.759,2.863,2.905,2.946,2.998,3.07,3.107,3.107,3.107,3.107,3.107,3.107,3.107
LD02,LIDDELL,Liddell Power Station,NSW1,NCEN,245.0,Black coal,Fossil,1.02962,SCHEDULED,500.0,219.047619047619,120.0,100.0,240.0,180.0,8.0,8.0,175000.0,60000.0,20000.0,1.0,10.65088757,0.1,1.463,16.582248514910003,COAL,BLACK-COAL,COAL,57.70359,1.463,1.485,1.526,1.61,1.615,1.63,1.681,1.737,1.797,1.799,1.981,2.38,2.636,2.759,2.863,2.905,2.946,2.998,3.07,3.107,3.107,3.107,3.107,3.107,3.107,3.107
VP5,VP,"Vales Point ""B"" Power Station",NSW1,NCEN,292.0,Black coal,Fossil,0.95372,SCHEDULED,660.0,250.8,130.0,210.0,290.0,220.0,8.0,8.0,231000.0,79200.0,26400.0,1.0,10.16949153,0.1,2.262,24.00338984086,COAL,BLACK-COAL,COAL,54.34518,2.262,2.231,2.362,2.547,2.709,2.767,2.923,2.997,3.147,3.273,3.31,3.402,3.524,3.654,3.746,3.797,3.862,3.929,4.023,4.071,4.071,4.071,4.071,4.071,4.071,4.071
VP6,VP,"Vales Point ""B"" Power Station",NSW1,NCEN,292.0,Black coal,Fossil,0.95372,SCHEDULED,660.0,250.8,130.0,210.0,290.0,220.0,8.0,8.0,231000.0,79200.0,26400.0,1.0,10.16949153,0.1,2.262,24.00338984086,COAL,BLACK-COAL,COAL,54.355357,2.262,2.231,2.362,2.547,2.709,2.767,2.923,2.997,3.147,3.273,3.31,3.402,3.524,3.654,3.746,3.797,3.862,3.929,4.023,4.071,4.071,4.071,4.071,4.071,4.071,4.071
GULLRWF1,GULLRGWF,Gullen Range Wind Farm,NSW1,CAN,415.0,Wind,Wind,0.0,SEMI-SCHEDULED,166.0,0.0,5000.0,5000.0,5000.0,5000.0,1.0,1.0,830.0,498.0,332.0,0.0,3.6,0.0,0.0,0.0,WIND,WIND,WIND,75.59337735,0.0,0.0,0.0,0.0,0.0,0.0,0.0,0.0,0.0,0.0,0.0,0.0,0.0,0.0,0.0,0.0,0.0,0.0,0.0,0.0,0.0,0.0,0.0,0.0,0.0,0.0
MORTLK12,MORTLK,Mortlake Power Station,VIC1,MEL,620.0,Natural Gas (Pipeline),Fossil,0.57917,SCHEDULED,283.0,0.0,780.0,780.0,780.0,780.0,1.0,1.0,28300.0,28300.0,28300.0,10.4,11.25,0.3,7.745979944,97.54227437,GAS,GAS,GAS,14.461517,7.745979944,7.845979944,7.845979944,7.845979944,7.845979944,7.845979944,8.595979944,8.595979944,8.595979944,8.678187652,8.678187652,8.678187652,8.678187652,8.755742093,8.755742093,8.755742093,8.755742093,8.755742093,8.755742093,8.755742093,8.755742093,8.755742093,8.755742093,8.755742093,8.755742093,8.755742093
MORTLK11,MORTLK,Mortlake Power Station,VIC1,MEL,620.0,Natural Gas (Pipeline),Fossil,0.57917,SCHEDULED,283.0,0.0,780.0,780.0,780.0,780.0,1.0,1.0,28300.0,28300.0,28300.0,10.4,11.25,0.3,7.745979944,97.54227437,GAS,GAS,GAS,14.45134,7.745979944,7.845979944,7.845979944,7.845979944,7.845979944,7.845979944,8.595979944,8.595979944,8.595979944,8.678187652,8.678187652,8.678187652,8.678187652,8.755742093,8.755742093,8.755742093,8.755742093,8.755742093,8.755742093,8.755742093,8.755742093,8.755742093,8.755742093,8.755742093,8.755742093,8.755742093
GSTONE1,G/STONE,GLADSTONE POWER STATION,QLD1,CQ,437.0,Black coal,Fossil,1.0495,SCHEDULED,280.0,110.0,180.0,190.0,290.0,300.0,8.0,8.0,98000.0,33600.0,11200.0,1.0,10.22727273,0.1,2.184,23.336363642320002,COAL,BLACK-COAL,COAL,57.683236,2.184,2.24,2.415,2.641,2.777,2.833,2.899,2.97,3.117,3.239,3.265,3.328,3.429,3.569,3.658,3.709,3.772,3.837,3.929,3.976,3.976,3.976,3.976,3.976,3.976,3.976
GSTONE2,G/STONE,GLADSTONE POWER STATION,QLD1,CQ,437.0,Black coal,Fossil,1.0495,SCHEDULED,280.0,110.0,180.0,190.0,290.0,300.0,8.0,8.0,98000.0,33600.0,11200.0,1.0,10.22727273,0.1,2.184,23.336363642320002,COAL,BLACK-COAL,COAL,57.693413,2.184,2.24,2.415,2.641,2.777,2.833,2.899,2.97,3.117,3.239,3.265,3.328,3.429,3.569,3.658,3.709,3.772,3.837,3.929,3.976,3.976,3.976,3.976,3.976,3.976,3.976
GSTONE5,G/STONE,GLADSTONE POWER STATION,QLD1,CQ,437.0,Black coal,Fossil,1.0495,SCHEDULED,280.0,110.0,180.0,190.0,290.0,300.0,8.0,8.0,98000.0,33600.0,11200.0,1.0,10.22727273,0.1,2.184,23.336363642320002,COAL,BLACK-COAL,COAL,57.723944,2.184,2.24,2.415,2.641,2.777,2.833,2.899,2.97,3.117,3.239,3.265,3.328,3.429,3.569,3.658,3.709,3.772,3.837,3.929,3.976,3.976,3.976,3.976,3.976,3.976,3.976
GSTONE6,G/STONE,GLADSTONE POWER STATION,QLD1,CQ,437.0,Black coal,Fossil,1.0495,SCHEDULED,280.0,110.0,180.0,190.0,290.0,300.0,8.0,8.0,98000.0,33600.0,11200.0,1.0,10.22727273,0.1,2.184,23.336363642320002,COAL,BLACK-COAL,COAL,57.734121,2.184,2.24,2.415,2.641,2.777,2.833,2.899,2.97,3.117,3.239,3.265,3.328,3.429,3.569,3.658,3.709,3.772,3.837,3.929,3.976,3.976,3.976,3.976,3.976,3.976,3.976
GSTONE3,G/STONE,GLADSTONE POWER STATION,QLD1,CQ,437.0,Black coal,Fossil,1.0495,SCHEDULED,280.0,110.0,180.0,190.0,290.0,300.0,8.0,8.0,98000.0,33600.0,11200.0,1.0,10.22727273,0.1,2.184,23.336363642320002,COAL,BLACK-COAL,COAL,57.70359,2.184,2.24,2.415,2.641,2.777,2.833,2.899,2.97,3.117,3.239,3.265,3.328,3.429,3.569,3.658,3.709,3.772,3.837,3.929,3.976,3.976,3.976,3.976,3.976,3.976,3.976
GSTONE4,G/STONE,GLADSTONE POWER STATION,QLD1,CQ,437.0,Black coal,Fossil,1.0495,SCHEDULED,280.0,110.0,180.0,190.0,290.0,300.0,8.0,8.0,98000.0,33600.0,11200.0,1.0,10.22727273,0.1,2.184,23.336363642320002,COAL,BLACK-COAL,COAL,57.713767,2.184,2.24,2.415,2.641,2.777,2.833,2.899,2.97,3.117,3.239,3.265,3.328,3.429,3.569,3.658,3.709,3.772,3.837,3.929,3.976,3.976,3.976,3.976,3.976,3.976,3.976
DRYCGT1,DRYCGT,Dry Creek Gas Turbine Station,SA1,ADE,121.0,Natural Gas (Pipeline),Fossil,1.35599,SCHEDULED,52.0,0.0,300.0,300.0,300.0,300.0,1.0,1.0,5200.0,5200.0,5200.0,10.4,13.84615385,0.3,7.223998176,110.4245901570154,GAS,GAS,GAS,14.441163,7.223998176,7.726733005,7.72836014,7.729587623,7.730036312,7.730177424,8.480177424,8.480177424,8.480177424,8.480177424,8.480177424,8.480177424,8.480177424,8.480177424,8.480177424,8.480177424,8.480177424,8.480177424,8.480177424,8.480177424,8.480177424,8.480177424,8.480177424,8.480177424,8.480177424,8.480177424
DRYCGT2,DRYCGT,Dry Creek Gas Turbine Station,SA1,ADE,121.0,Natural Gas (Pipeline),Fossil,1.35599,SCHEDULED,52.0,0.0,300.0,300.0,300.0,300.0,1.0,1.0,5200.0,5200.0,5200.0,10.4,13.84615385,0.3,7.223998176,110.4245901570154,GAS,GAS,GAS,14.45134,7.223998176,7.726733005,7.72836014,7.729587623,7.730036312,7.730177424,8.480177424,8.480177424,8.480177424,8.480177424,8.480177424,8.480177424,8.480177424,8.480177424,8.480177424,8.480177424,8.480177424,8.480177424,8.480177424,8.480177424,8.480177424,8.480177424,8.480177424,8.480177424,8.480177424,8.480177424
DRYCGT3,DRYCGT,Dry Creek Gas Turbine Station,SA1,ADE,121.0,Natural Gas (Pipeline),Fossil,1.35599,SCHEDULED,52.0,0.0,300.0,300.0,300.0,300.0,1.0,1.0,5200.0,5200.0,5200.0,10.4,13.84615385,0.3,7.223998176,110.4245901570154,GAS,GAS,GAS,14.461517,7.223998176,7.726733005,7.72836014,7.729587623,7.730036312,7.730177424,8.480177424,8.480177424,8.480177424,8.480177424,8.480177424,8.480177424,8.480177424,8.480177424,8.480177424,8.480177424,8.480177424,8.480177424,8.480177424,8.480177424,8.480177424,8.480177424,8.480177424,8.480177424,8.480177424,8.480177424
ROMA_7,ROMA,Roma Gas Turbine Station,QLD1,SWQ,90.0,Natural Gas (Pipeline),Fossil,0.76408,SCHEDULED,40.0,0.0,480.0,480.0,480.0,480.0,1.0,1.0,4000.0,4000.0,4000.0,10.4,12.0,0.3,6.0,82.4,GAS,GAS,GAS,14.45134,6.0,6.0,6.0,6.0,6.0,6.0,7.0,7.0,7.0,7.0,7.0,7.0,7.0,7.0,7.0,7.0,7.0,7.0,7.0,7.0,7.0,7.0,7.0,7.0,7.0,7.0
ROMA_8,ROMA,Roma Gas Turbine Station,QLD1,SWQ,90.0,Natural Gas (Pipeline),Fossil,0.76408,SCHEDULED,40.0,0.0,480.0,480.0,480.0,480.0,1.0,1.0,4000.0,4000.0,4000.0,10.4,12.0,0.3,6.0,82.4,GAS,GAS,GAS,14.461517,6.0,6.0,6.0,6.0,6.0,6.0,7.0,7.0,7.0,7.0,7.0,7.0,7.0,7.0,7.0,7.0,7.0,7.0,7.0,7.0,7.0,7.0,7.0,7.0,7.0,7.0
HUMENSW,HUMENSW,Hume (NSW) Hydro Power Station,NSW1,SWNSW,734.0,Hydro,Hydro,0.0,SCHEDULED,29.0,4.0600000000000005,180.0,180.0,180.0,180.0,1.0,1.0,145.0,87.0,58.0,7.0,0.0,0.0,0.0,7.0,HYDRO,HYDRO,HYDRO,57.70359,0.0,0.0,0.0,0.0,0.0,0.0,0.0,0.0,0.0,0.0,0.0,0.0,0.0,0.0,0.0,0.0,0.0,0.0,0.0,0.0,0.0,0.0,0.0,0.0,0.0,0.0
YABULU2,YABULU,Townsville Gas Turbine,QLD1,NQ,360.0,Natural Gas (Pipeline),Fossil,0.52449,SCHEDULED,82.0,0.0,770.0,770.0,340.0,340.0,4.0,4.0,2050.0,1230.0,410.0,7.0,7.826086957,0.3,5.621869767000001,50.997241657471335,GAS,GAS,GAS,10.177,5.621869767,5.621869767,5.621869767,5.621869767,5.621869767,5.621869767,5.621869767,5.621869767,5.621869767,5.621869767,5.621869767,5.621869767,5.621869767,5.621869767,5.621869767,5.621869767,5.621869767,5.621869767,5.621869767,5.621869767,5.621869767,5.621869767,5.621869767,5.621869767,5.621869767,5.621869767
YABULU,YABULU,Townsville Gas Turbine,QLD1,NQ,360.0,Natural Gas (Pipeline),Fossil,0.52449,SCHEDULED,160.0,0.0,770.0,770.0,340.0,340.0,4.0,4.0,4000.0,2400.0,800.0,7.0,7.826086957,0.3,5.621869767000001,50.997241657471335,GAS,GAS,GAS,10.177,5.621869767,5.621869767,5.621869767,5.621869767,5.621869767,5.621869767,5.621869767,5.621869767,5.621869767,5.621869767,5.621869767,5.621869767,5.621869767,5.621869767,5.621869767,5.621869767,5.621869767,5.621869767,5.621869767,5.621869767,5.621869767,5.621869767,5.621869767,5.621869767,5.621869767,5.621869767
BLUFF1,BLUFF,The Bluff Wind Farm,SA1,NSA,9.0,Wind,Wind,0.0,SEMI-SCHEDULED,53.0,0.0,120.0,120.0,120.0,120.0,1.0,1.0,265.0,159.0,106.0,0.0,3.6,0.0,0.0,0.0,WIND,WIND,WIND,76.79392565,0.0,0.0,0.0,0.0,0.0,0.0,0.0,0.0,0.0,0.0,0.0,0.0,0.0,0.0,0.0,0.0,0.0,0.0,0.0,0.0,0.0,0.0,0.0,0.0,0.0,0.0
TALWA1,TALLAWAR,Tallawarra Power Station,NSW1,NCEN,514.0,Natural Gas (Pipeline),Fossil,0.46096,SCHEDULED,440.0,0.0,180.0,180.0,360.0,360.0,4.0,4.0,11000.0,6600.0,2200.0,7.0,7.2,0.3,5.825201823,48.941453125600006,GAS,GAS,GAS,10.177,5.825201823,7.579666939,7.579666939,7.579666939,7.579666939,7.579666939,8.329666939,8.329666939,8.329666939,8.329666939,8.329666939,8.329666939,8.329666939,8.329666939,8.329666939,8.329666939,8.329666939,8.329666939,8.329666939,8.329666939,8.329666939,8.329666939,8.329666939,8.329666939,8.329666939,8.329666939
TARALGA1,TARALGA,Taralga Wind Farm,NSW1,NCEN,512.0,Wind,Wind,0.0,SEMI-SCHEDULED,106.0,0.0,620.0,600.0,630.0,620.0,1.0,1.0,530.0,318.0,212.0,0.0,3.6,0.0,0.0,0.0,WIND,WIND,WIND,75.59337735,0.0,0.0,0.0,0.0,0.0,0.0,0.0,0.0,0.0,0.0,0.0,0.0,0.0,0.0,0.0,0.0,0.0,0.0,0.0,0.0,0.0,0.0,0.0,0.0,0.0,0.0
BLOWERNG,SNOWY6,Blowering Power Station,NSW1,CAN,506.0,Hydro,Hydro,0.0,SCHEDULED,80.0,4.8,120.0,120.0,120.0,120.0,1.0,1.0,400.0,240.0,160.0,7.0,0.0,0.0,0.0,7.0,HYDRO,HYDRO,HYDRO,57.70359,0.0,0.0,0.0,0.0,0.0,0.0,0.0,0.0,0.0,0.0,0.0,0.0,0.0,0.0,0.0,0.0,0.0,0.0,0.0,0.0,0.0,0.0,0.0,0.0,0.0,0.0
TORRB4,TORRIS,TORRENS ISLAND POWER STATION,SA1,ADE,122.0,Natural Gas (Pipeline),Fossil,0.71521,SCHEDULED,200.0,0.0,410.0,280.0,450.0,300.0,1.0,1.0,4000.0,2000.0,1000.0,2.1,11.25,0.3,6.362112901000001,73.67377013624998,GAS,GAS,GAS,43.272604,6.362112901,7.63467615,7.639357373,7.634129936,7.63858474,7.686722234,8.406737986,8.404087962,8.402568222,8.402391937,8.401652116,8.400093139,8.400410777,8.401552765,8.400172248,8.400511687,8.400731639,8.400731639,8.401050559,8.401050559,8.401050559,8.401050559,8.401050559,8.401050559,8.401050559,8.401050559
TORRB3,TORRIS,TORRENS ISLAND POWER STATION,SA1,ADE,122.0,Natural Gas (Pipeline),Fossil,0.71521,SCHEDULED,200.0,0.0,410.0,280.0,450.0,300.0,1.0,1.0,4000.0,2000.0,1000.0,2.1,11.25,0.3,6.362112901000001,73.67377013624998,GAS,GAS,GAS,43.262427,6.362112901,7.63467615,7.639357373,7.634129936,7.63858474,7.686722234,8.406737986,8.404087962,8.402568222,8.402391937,8.401652116,8.400093139,8.400410777,8.401552765,8.400172248,8.400511687,8.400731639,8.400731639,8.401050559,8.401050559,8.401050559,8.401050559,8.401050559,8.401050559,8.401050559,8.401050559
TORRB2,TORRIS,TORRENS ISLAND POWER STATION,SA1,ADE,122.0,Natural Gas (Pipeline),Fossil,0.71521,SCHEDULED,200.0,0.0,410.0,280.0,450.0,300.0,1.0,1.0,4000.0,2000.0,1000.0,2.1,11.25,0.3,6.362112901000001,73.67377013624998,GAS,GAS,GAS,43.25225,6.362112901,7.63467615,7.639357373,7.634129936,7.63858474,7.686722234,8.406737986,8.404087962,8.402568222,8.402391937,8.401652116,8.400093139,8.400410777,8.401552765,8.400172248,8.400511687,8.400731639,8.400731639,8.401050559,8.401050559,8.401050559,8.401050559,8.401050559,8.401050559,8.401050559,8.401050559
TORRA2,TORRIS,TORRENS ISLAND POWER STATION,SA1,ADE,796.0,Natural Gas (Pipeline),Fossil,0.7439899999999999,SCHEDULED,120.0,0.0,220.0,40.0,290.0,300.0,1.0,1.0,2400.0,1200.0,600.0,2.1,12.0,0.3,6.362112901000001,78.44535481199999,GAS,GAS,GAS,43.25225,6.362112901,7.63467615,7.639357373,7.634129936,7.63858474,7.686722234,8.406737986,8.404087962,8.402568222,8.402391937,8.401652116,8.400093139,8.400410777,8.401552765,8.400172248,8.400511687,8.400731639,8.400731639,8.401050559,8.401050559,8.401050559,8.401050559,8.401050559,8.401050559,8.401050559,8.401050559
TORRA1,TORRIS,TORRENS ISLAND POWER STATION,SA1,ADE,796.0,Natural Gas (Pipeline),Fossil,0.7439899999999999,SCHEDULED,120.0,0.0,220.0,40.0,290.0,300.0,1.0,1.0,2400.0,1200.0,600.0,2.1,12.0,0.3,6.362112901000001,78.44535481199999,GAS,GAS,GAS,43.242073,6.362112901,7.63467615,7.639357373,7.634129936,7.63858474,7.686722234,8.406737986,8.404087962,8.402568222,8.402391937,8.401652116,8.400093139,8.400410777,8.401552765,8.400172248,8.400511687,8.400731639,8.400731639,8.401050559,8.401050559,8.401050559,8.401050559,8.401050559,8.401050559,8.401050559,8.401050559
TORRB1,TORRIS,TORRENS ISLAND POWER STATION,SA1,ADE,122.0,Natural Gas (Pipeline),Fossil,0.71521,SCHEDULED,200.0,0.0,410.0,280.0,450.0,300.0,1.0,1.0,4000.0,2000.0,1000.0,2.1,11.25,0.3,6.362112901000001,73.67377013624998,GAS,GAS,GAS,43.242073,6.362112901,7.63467615,7.639357373,7.634129936,7.63858474,7.686722234,8.406737986,8.404087962,8.402568222,8.402391937,8.401652116,8.400093139,8.400410777,8.401552765,8.400172248,8.400511687,8.400731639,8.400731639,8.401050559,8.401050559,8.401050559,8.401050559,8.401050559,8.401050559,8.401050559,8.401050559
TORRA3,TORRIS,TORRENS ISLAND POWER STATION,SA1,ADE,796.0,Natural Gas (Pipeline),Fossil,0.7439899999999999,SCHEDULED,120.0,0.0,220.0,40.0,290.0,300.0,1.0,1.0,2400.0,1200.0,600.0,2.1,12.0,0.3,6.362112901000001,78.44535481199999,GAS,GAS,GAS,43.262427,6.362112901,7.63467615,7.639357373,7.634129936,7.63858474,7.686722234,8.406737986,8.404087962,8.402568222,8.402391937,8.401652116,8.400093139,8.400410777,8.401552765,8.400172248,8.400511687,8.400731639,8.400731639,8.401050559,8.401050559,8.401050559,8.401050559,8.401050559,8.401050559,8.401050559,8.401050559
TORRA4,TORRIS,TORRENS ISLAND POWER STATION,SA1,ADE,796.0,Natural Gas (Pipeline),Fossil,0.7439899999999999,SCHEDULED,120.0,0.0,220.0,40.0,290.0,300.0,1.0,1.0,2400.0,1200.0,600.0,2.1,12.0,0.3,6.362112901000001,78.44535481199999,GAS,GAS,GAS,43.272604,6.362112901,7.63467615,7.639357373,7.634129936,7.63858474,7.686722234,8.406737986,8.404087962,8.402568222,8.402391937,8.401652116,8.400093139,8.400410777,8.401552765,8.400172248,8.400511687,8.400731639,8.400731639,8.401050559,8.401050559,8.401050559,8.401050559,8.401050559,8.401050559,8.401050559,8.401050559
QPS1,QUARANTN,Quarantine Power Station,SA1,ADE,130.0,Natural Gas (Pipeline),Fossil,0.83996,SCHEDULED,24.0,0.0,600.0,600.0,600.0,600.0,1.0,1.0,2400.0,2400.0,2400.0,10.4,11.25,0.3,6.6290585470000005,84.97690865375,GAS,GAS,GAS,14.430986,6.629058547,7.655744344,7.660405414,7.657143488,7.653748204,7.659573797,8.406737986,8.404087962,8.402568222,8.402391937,8.401652116,8.400093139,8.400410777,8.401552765,8.400172248,8.400511687,8.400731639,8.400731639,8.401050559,8.401050559,8.401050559,8.401050559,8.401050559,8.401050559,8.401050559,8.401050559
QPS3,QUARANTN,Quarantine Power Station,SA1,ADE,130.0,Natural Gas (Pipeline),Fossil,0.83996,SCHEDULED,24.0,0.0,600.0,600.0,600.0,600.0,1.0,1.0,2400.0,2400.0,2400.0,10.4,11.25,0.3,6.6290585470000005,84.97690865375,GAS,GAS,GAS,14.45134,6.629058547,7.655744344,7.660405414,7.657143488,7.653748204,7.659573797,8.406737986,8.404087962,8.402568222,8.402391937,8.401652116,8.400093139,8.400410777,8.401552765,8.400172248,8.400511687,8.400731639,8.400731639,8.401050559,8.401050559,8.401050559,8.401050559,8.401050559,8.401050559,8.401050559,8.401050559
QPS2,QUARANTN,Quarantine Power Station,SA1,ADE,130.0,Natural Gas (Pipeline),Fossil,0.83996,SCHEDULED,24.0,0.0,600.0,600.0,600.0,600.0,1.0,1.0,2400.0,2400.0,2400.0,10.4,11.25,0.3,6.6290585470000005,84.97690865375,GAS,GAS,GAS,14.441163,6.629058547,7.655744344,7.660405414,7.657143488,7.653748204,7.659573797,8.406737986,8.404087962,8.402568222,8.402391937,8.401652116,8.400093139,8.400410777,8.401552765,8.400172248,8.400511687,8.400731639,8.400731639,8.401050559,8.401050559,8.401050559,8.401050559,8.401050559,8.401050559,8.401050559,8.401050559
QPS5,QUARANTN,Quarantine Power Station,SA1,ADE,130.0,Natural Gas (Pipeline),Fossil,0.83996,SCHEDULED,128.0,0.0,600.0,600.0,600.0,600.0,1.0,1.0,12800.0,12800.0,12800.0,10.4,11.25,0.3,6.6290585470000005,84.97690865375,GAS,GAS,GAS,14.471694,6.629058547,7.655744344,7.660405414,7.657143488,7.653748204,7.659573797,8.406737986,8.404087962,8.402568222,8.402391937,8.401652116,8.400093139,8.400410777,8.401552765,8.400172248,8.400511687,8.400731639,8.400731639,8.401050559,8.401050559,8.401050559,8.401050559,8.401050559,8.401050559,8.401050559,8.401050559
QPS4,QUARANTN,Quarantine Power Station,SA1,ADE,130.0,Natural Gas (Pipeline),Fossil,0.83996,SCHEDULED,24.0,0.0,600.0,600.0,600.0,600.0,1.0,1.0,2400.0,2400.0,2400.0,10.4,11.25,0.3,6.6290585470000005,84.97690865375,GAS,GAS,GAS,14.461517,6.629058547,7.655744344,7.660405414,7.657143488,7.653748204,7.659573797,8.406737986,8.404087962,8.402568222,8.402391937,8.401652116,8.400093139,8.400410777,8.401552765,8.400172248,8.400511687,8.400731639,8.400731639,8.401050559,8.401050559,8.401050559,8.401050559,8.401050559,8.401050559,8.401050559,8.401050559
DARTM1,DARTM,DARTMOUTH POWER STATION,VIC1,NVIC,739.0,Hydro,Hydro,0.0,SCHEDULED,150.0,18.0,3270.0,3270.0,3120.0,3010.0,1.0,1.0,750.0,450.0,300.0,7.0,0.0,0.0,0.0,7.0,HYDRO,HYDRO,HYDRO,57.70359,0.0,0.0,0.0,0.0,0.0,0.0,0.0,0.0,0.0,0.0,0.0,0.0,0.0,0.0,0.0,0.0,0.0,0.0,0.0,0.0,0.0,0.0,0.0,0.0,0.0,0.0
BROKENH1,BROKENH,Broken Hill Solar Plant,NSW1,SWNSW,469.0,Solar,Solar,0.0,SEMI-SCHEDULED,53.0,0.0,1200.0,1200.0,1200.0,1200.0,0.0,0.0,0.0,0.0,0.0,0.0,3.6,0.0,0.0,0.0,SOLAR,SOLAR,SOLAR,25.4425,0.0,0.0,0.0,0.0,0.0,0.0,0.0,0.0,0.0,0.0,0.0,0.0,0.0,0.0,0.0,0.0,0.0,0.0,0.0,0.0,0.0,0.0,0.0,0.0,0.0,0.0
MPP_2,MILLMERN,Millmerran Power Plant,QLD1,SWQ,561.0,Black coal,Fossil,0.8920899999999999,SCHEDULED,426.0,170.4,60.0,60.0,60.0,60.0,8.0,8.0,149100.0,51120.0,17040.0,3.1,9.756097561,0.1,1.249,15.285365853689001,COAL,BLACK-COAL,COAL,53.235887,1.249,1.265,1.265,1.269,1.274,1.275,1.289,1.303,1.304,1.305,1.305,1.306,1.308,1.309,1.31,1.311,1.313,1.314,1.316,1.317,1.319,1.321,1.323,1.326,1.328,1.328
MPP_1,MILLMERN,Millmerran Power Plant,QLD1,SWQ,561.0,Black coal,Fossil,0.8920899999999999,SCHEDULED,426.0,170.4,60.0,60.0,60.0,60.0,8.0,8.0,149100.0,51120.0,17040.0,3.1,9.756097561,0.1,1.249,15.285365853689001,COAL,BLACK-COAL,COAL,53.22571,1.249,1.265,1.265,1.269,1.274,1.275,1.289,1.303,1.304,1.305,1.305,1.306,1.308,1.309,1.31,1.311,1.313,1.314,1.316,1.317,1.319,1.321,1.323,1.326,1.328,1.328
WKIEWA1,WKIEWA,WEST KIEWA POWER STATION,VIC1,NVIC,738.0,Hydro,Hydro,0.0,SCHEDULED,31.0,0.0,600.0,600.0,600.0,600.0,1.0,1.0,155.0,93.0,62.0,7.0,0.0,0.0,0.0,7.0,HYDRO,HYDRO,HYDRO,57.70359,0.0,0.0,0.0,0.0,0.0,0.0,0.0,0.0,0.0,0.0,0.0,0.0,0.0,0.0,0.0,0.0,0.0,0.0,0.0,0.0,0.0,0.0,0.0,0.0,0.0,0.0
WKIEWA2,WKIEWA,WEST KIEWA POWER STATION,VIC1,NVIC,738.0,Hydro,Hydro,0.0,SCHEDULED,31.0,0.0,600.0,600.0,600.0,600.0,1.0,1.0,155.0,93.0,62.0,7.0,0.0,0.0,0.0,7.0,HYDRO,HYDRO,HYDRO,57.70359,0.0,0.0,0.0,0.0,0.0,0.0,0.0,0.0,0.0,0.0,0.0,0.0,0.0,0.0,0.0,0.0,0.0,0.0,0.0,0.0,0.0,0.0,0.0,0.0,0.0,0.0
MSTUART1,MSTUART,Mt Stuart Power Station,QLD1,NQ,357.0,Kerosene - non aviation,Fossil,1.00862,SCHEDULED,144.0,0.0,600.0,590.0,600.0,600.0,1.0,1.0,14400.0,14400.0,14400.0,10.4,12.0,0.3,5.990506562,82.28607874400002,LIQUID,LIQUID,LIQUID,14.441163,7.745979944,7.845979944,7.845979944,7.845979944,7.845979944,7.845979944,8.595979944,8.595979944,8.595979944,8.678187652,8.678187652,8.678187652,8.678187652,8.755742093,8.755742093,8.755742093,8.755742093,8.755742093,8.755742093,8.755742093,8.755742093,8.755742093,8.755742093,8.755742093,8.755742093,8.755742093
MSTUART2,MSTUART,Mt Stuart Power Station,QLD1,NQ,357.0,Kerosene - non aviation,Fossil,1.00862,SCHEDULED,144.0,0.0,600.0,590.0,600.0,600.0,1.0,1.0,14400.0,14400.0,14400.0,10.4,12.0,0.3,5.990506562,82.28607874400002,LIQUID,LIQUID,LIQUID,14.45134,7.745979944,7.845979944,7.845979944,7.845979944,7.845979944,7.845979944,8.595979944,8.595979944,8.595979944,8.678187652,8.678187652,8.678187652,8.678187652,8.755742093,8.755742093,8.755742093,8.755742093,8.755742093,8.755742093,8.755742093,8.755742093,8.755742093,8.755742093,8.755742093,8.755742093,8.755742093
MSTUART3,MSTUART,Mt Stuart Power Station,QLD1,NQ,357.0,Kerosene - non aviation,Fossil,1.00862,SCHEDULED,131.0,0.0,600.0,590.0,600.0,600.0,1.0,1.0,13100.0,13100.0,13100.0,10.4,12.0,0.3,5.990506562,82.28607874400002,LIQUID,LIQUID,LIQUID,14.461517,7.745979944,7.845979944,7.845979944,7.845979944,7.845979944,7.845979944,8.595979944,8.595979944,8.595979944,8.678187652,8.678187652,8.678187652,8.678187652,8.755742093,8.755742093,8.755742093,8.755742093,8.755742093,8.755742093,8.755742093,8.755742093,8.755742093,8.755742093,8.755742093,8.755742093,8.755742093
W/HOE#1,WIVENHOE,WIVENHOE POWER STATION,QLD1,SEQ,345.0,Hydro,Hydro,0.0,SCHEDULED,250.0,62.5,7200.0,7200.0,7200.0,7200.0,1.0,1.0,1250.0,750.0,500.0,7.0,0.0,0.0,0.0,7.0,HYDRO,HYDRO,HYDRO,57.70359,0.0,0.0,0.0,0.0,0.0,0.0,0.0,0.0,0.0,0.0,0.0,0.0,0.0,0.0,0.0,0.0,0.0,0.0,0.0,0.0,0.0,0.0,0.0,0.0,0.0,0.0
W/HOE#2,WIVENHOE,WIVENHOE POWER STATION,QLD1,SEQ,345.0,Hydro,Hydro,0.0,SCHEDULED,250.0,62.5,7200.0,7200.0,7200.0,7200.0,1.0,1.0,1250.0,750.0,500.0,7.0,0.0,0.0,0.0,7.0,HYDRO,HYDRO,HYDRO,57.70359,0.0,0.0,0.0,0.0,0.0,0.0,0.0,0.0,0.0,0.0,0.0,0.0,0.0,0.0,0.0,0.0,0.0,0.0,0.0,0.0,0.0,0.0,0.0,0.0,0.0,0.0
TARONG#1,TARONG,TARONG POWER STATION,QLD1,SWQ,455.0,Black coal,Fossil,0.94117,SCHEDULED,350.0,140.0,200.0,200.0,240.0,240.0,8.0,8.0,122500.0,42000.0,14000.0,3.1,9.944751381,0.1,2.766,30.607182319846,COAL,BLACK-COAL,COAL,54.945623,2.766,2.766,2.766,2.772,2.778,2.779,2.799,2.819,2.82,2.821,2.822,2.824,2.824,2.824,2.824,2.824,2.824,2.824,2.824,2.824,2.824,2.824,2.824,2.824,2.824,2.824
TARONG#4,TARONG,TARONG POWER STATION,QLD1,SWQ,455.0,Black coal,Fossil,0.94117,SCHEDULED,350.0,140.0,200.0,200.0,240.0,240.0,8.0,8.0,122500.0,42000.0,14000.0,3.1,9.944751381,0.1,2.766,30.607182319846,COAL,BLACK-COAL,COAL,54.976154,2.766,2.766,2.766,2.772,2.778,2.779,2.799,2.819,2.82,2.821,2.822,2.824,2.824,2.824,2.824,2.824,2.824,2.824,2.824,2.824,2.824,2.824,2.824,2.824,2.824,2.824
TARONG#2,TARONG,TARONG POWER STATION,QLD1,SWQ,455.0,Black coal,Fossil,0.94117,SCHEDULED,350.0,140.0,200.0,200.0,240.0,240.0,8.0,8.0,122500.0,42000.0,14000.0,3.1,9.944751381,0.1,2.766,30.607182319846,COAL,BLACK-COAL,COAL,54.9558,2.766,2.766,2.766,2.772,2.778,2.779,2.799,2.819,2.82,2.821,2.822,2.824,2.824,2.824,2.824,2.824,2.824,2.824,2.824,2.824,2.824,2.824,2.824,2.824,2.824,2.824
TARONG#3,TARONG,TARONG POWER STATION,QLD1,SWQ,455.0,Black coal,Fossil,0.94117,SCHEDULED,350.0,140.0,200.0,200.0,240.0,240.0,8.0,8.0,122500.0,42000.0,14000.0,3.1,9.944751381,0.1,2.766,30.607182319846,COAL,BLACK-COAL,COAL,54.965977,2.766,2.766,2.766,2.772,2.778,2.779,2.799,2.819,2.82,2.821,2.822,2.824,2.824,2.824,2.824,2.824,2.824,2.824,2.824,2.824,2.824,2.824,2.824,2.824,2.824,2.824
BRAEMAR7,B2PS,BRAEMAR 2 POWER STATION,QLD1,SWQ,662.0,Coal seam methane,Fossil,0.6913699999999999,SCHEDULED,173.0,0.0,680.0,660.0,660.0,660.0,1.0,1.0,17300.0,17300.0,17300.0,10.4,12.0,0.3,5.745362791,79.34435349200001,GAS,GAS,GAS,14.481871,5.745362791,6.9442,6.9442,6.9442,6.9442,6.9442,7.6942,7.6942,7.6942,7.6942,7.6942,7.6942,7.6942,7.6942,7.6942,7.6942,7.6942,7.6942,7.6942,7.6942,7.6942,7.6942,7.6942,7.6942,7.6942,7.6942
BRAEMAR5,B2PS,BRAEMAR 2 POWER STATION,QLD1,SWQ,662.0,Coal seam methane,Fossil,0.6913699999999999,SCHEDULED,173.0,0.0,680.0,660.0,660.0,660.0,1.0,1.0,17300.0,17300.0,17300.0,10.4,12.0,0.3,5.745362791,79.34435349200001,GAS,GAS,GAS,14.461517,5.745362791,6.9442,6.9442,6.9442,6.9442,6.9442,7.6942,7.6942,7.6942,7.6942,7.6942,7.6942,7.6942,7.6942,7.6942,7.6942,7.6942,7.6942,7.6942,7.6942,7.6942,7.6942,7.6942,7.6942,7.6942,7.6942
BRAEMAR6,B2PS,BRAEMAR 2 POWER STATION,QLD1,SWQ,662.0,Coal seam methane,Fossil,0.6913699999999999,SCHEDULED,173.0,0.0,680.0,660.0,660.0,660.0,1.0,1.0,17300.0,17300.0,17300.0,10.4,12.0,0.3,5.745362791,79.34435349200001,GAS,GAS,GAS,14.471694,5.745362791,6.9442,6.9442,6.9442,6.9442,6.9442,7.6942,7.6942,7.6942,7.6942,7.6942,7.6942,7.6942,7.6942,7.6942,7.6942,7.6942,7.6942,7.6942,7.6942,7.6942,7.6942,7.6942,7.6942,7.6942,7.6942
DEVILS_G,DEVILS_G,Devils Gate Power Station,TAS1,TAS,268.0,Hydro,Hydro,0.0,SCHEDULED,60.0,4.8,1070.0,1070.0,1790.0,1790.0,1.0,1.0,300.0,180.0,120.0,7.0,0.0,0.0,0.0,7.0,HYDRO,HYDRO,HYDRO,57.70359,0.0,0.0,0.0,0.0,0.0,0.0,0.0,0.0,0.0,0.0,0.0,0.0,0.0,0.0,0.0,0.0,0.0,0.0,0.0,0.0,0.0,0.0,0.0,0.0,0.0,0.0
DDPS1,DDPS1,Darling Downs Power Station,QLD1,SWQ,668.0,Natural Gas (Pipeline),Fossil,0.5062399999999999,SCHEDULED,644.0,0.0,490.0,490.0,380.0,380.0,4.0,4.0,16100.0,9660.0,3220.0,7.0,7.826086957,0.3,5.745362791,51.96370880187823,GAS,GAS,GAS,10.177,5.745362791,6.9442,6.9442,6.9442,6.9442,6.9442,7.6942,7.6942,7.6942,7.6942,7.6942,7.6942,7.6942,7.6942,7.6942,7.6942,7.6942,7.6942,7.6942,7.6942,7.6942,7.6942,7.6942,7.6942,7.6942,7.6942
TUNGATIN,TUNGATIN,Tungatinah Power Station,TAS1,TAS,825.0,Hydro,Hydro,0.0,SCHEDULED,125.0,0.0,590.0,590.0,1930.0,1930.0,1.0,1.0,625.0,375.0,250.0,7.0,0.0,0.0,0.0,7.0,HYDRO,HYDRO,HYDRO,57.70359,0.0,0.0,0.0,0.0,0.0,0.0,0.0,0.0,0.0,0.0,0.0,0.0,0.0,0.0,0.0,0.0,0.0,0.0,0.0,0.0,0.0,0.0,0.0,0.0,0.0,0.0
LEM_WIL,LEM_WIL,Lemonthyme / Wilmot Power Station,TAS1,TAS,377.0,Hydro,Hydro,0.0,SCHEDULED,82.0,0.0,400.0,400.0,1170.0,1170.0,1.0,1.0,410.0,246.0,164.0,7.0,0.0,0.0,0.0,7.0,HYDRO,HYDRO,HYDRO,57.70359,0.0,0.0,0.0,0.0,0.0,0.0,0.0,0.0,0.0,0.0,0.0,0.0,0.0,0.0,0.0,0.0,0.0,0.0,0.0,0.0,0.0,0.0,0.0,0.0,0.0,0.0
TRIBUTE,TRIBUTE,Tribute Power Station,TAS1,TAS,625.0,Hydro,Hydro,0.0,SCHEDULED,83.0,0.0,800.0,800.0,1780.0,1780.0,1.0,1.0,415.0,249.0,166.0,7.0,0.0,0.0,0.0,7.0,HYDRO,HYDRO,HYDRO,57.70359,0.0,0.0,0.0,0.0,0.0,0.0,0.0,0.0,0.0,0.0,0.0,0.0,0.0,0.0,0.0,0.0,0.0,0.0,0.0,0.0,0.0,0.0,0.0,0.0,0.0,0.0
BBTHREE1,BBP31,Bell Bay Three Power Station,TAS1,TAS,778.0,Natural Gas (Pipeline),Fossil,0.68462,SCHEDULED,35.0,0.0,600.0,600.0,600.0,600.0,1.0,1.0,3500.0,3500.0,3500.0,10.4,12.4137931,0.3,6.617023256,92.54235763787236,GAS,GAS,GAS,14.441163,6.617023256,9.229674419,9.229674419,9.229674419,9.229674419,9.229674419,9.979674419,9.979674419,9.979674419,9.979674419,9.979674419,9.979674419,9.979674419,9.979674419,9.979674419,9.979674419,9.979674419,9.979674419,9.979674419,9.979674419,9.979674419,9.979674419,9.979674419,9.979674419,9.979674419,9.979674419
BBTHREE2,BBP31,Bell Bay Three Power Station,TAS1,TAS,778.0,Natural Gas (Pipeline),Fossil,0.68462,SCHEDULED,35.0,0.0,600.0,600.0,600.0,600.0,1.0,1.0,3500.0,3500.0,3500.0,10.4,12.4137931,0.3,6.617023256,92.54235763787236,GAS,GAS,GAS,14.45134,6.617023256,9.229674419,9.229674419,9.229674419,9.229674419,9.229674419,9.979674419,9.979674419,9.979674419,9.979674419,9.979674419,9.979674419,9.979674419,9.979674419,9.979674419,9.979674419,9.979674419,9.979674419,9.979674419,9.979674419,9.979674419,9.979674419,9.979674419,9.979674419,9.979674419,9.979674419
BBTHREE3,BBP31,Bell Bay Three Power Station,TAS1,TAS,778.0,Natural Gas (Pipeline),Fossil,0.68462,SCHEDULED,35.0,0.0,600.0,600.0,600.0,600.0,1.0,1.0,3500.0,3500.0,3500.0,10.4,12.4137931,0.3,6.617023256,92.54235763787236,GAS,GAS,GAS,14.461517,6.617023256,9.229674419,9.229674419,9.229674419,9.229674419,9.229674419,9.979674419,9.979674419,9.979674419,9.979674419,9.979674419,9.979674419,9.979674419,9.979674419,9.979674419,9.979674419,9.979674419,9.979674419,9.979674419,9.979674419,9.979674419,9.979674419,9.979674419,9.979674419,9.979674419,9.979674419
TVPP104,BBP31,Bell Bay Three Power Station,TAS1,TAS,778.0,Natural Gas (Pipeline),Fossil,0.70965,SCHEDULED,58.0,0.0,600.0,600.0,600.0,600.0,1.0,1.0,5800.0,5800.0,5800.0,10.4,12.85714286,0.3,6.617023256,95.47601331033435,GAS,GAS,GAS,14.45134,6.617023256,9.229674419,9.229674419,9.229674419,9.229674419,9.229674419,9.979674419,9.979674419,9.979674419,9.979674419,9.979674419,9.979674419,9.979674419,9.979674419,9.979674419,9.979674419,9.979674419,9.979674419,9.979674419,9.979674419,9.979674419,9.979674419,9.979674419,9.979674419,9.979674419,9.979674419
LNGS1,LNGS,Laverton North Power Station,VIC1,MEL,742.0,Natural Gas (Pipeline),Fossil,0.81463783,SCHEDULED,156.0,0.0,3330.0,920.0,3330.0,680.0,1.0,1.0,15600.0,15600.0,15600.0,10.4,11.84210526,0.3,6.2108415379999995,83.9494392461763,GAS,GAS,GAS,14.45134,6.210841538,7.965407667,7.965556484,7.965771607,7.965388883,7.966666853,8.716721123,8.716785483,8.716738714,8.798984406,8.798984198,8.799032111,8.799001926,8.876559827,8.87657386,8.876628558,8.876587972,8.876607609,8.876615379,8.876615379,8.876615379,8.876615379,8.876615379,8.876615379,8.876615379,8.876615379
LNGS2,LNGS,Laverton North Power Station,VIC1,MEL,742.0,Natural Gas (Pipeline),Fossil,0.81463783,SCHEDULED,156.0,0.0,3330.0,920.0,3330.0,680.0,1.0,1.0,15600.0,15600.0,15600.0,10.4,11.84210526,0.3,6.2108415379999995,83.9494392461763,GAS,GAS,GAS,14.461517,6.210841538,7.965407667,7.965556484,7.965771607,7.965388883,7.966666853,8.716721123,8.716785483,8.716738714,8.798984406,8.798984198,8.799032111,8.799001926,8.876559827,8.87657386,8.876628558,8.876587972,8.876607609,8.876615379,8.876615379,8.876615379,8.876615379,8.876615379,8.876615379,8.876615379,8.876615379
JLA02,JEERA,"Jeeralang ""A"" Power Station",VIC1,LV,279.0,Natural Gas (Pipeline),Fossil,0.90578,SCHEDULED,51.0,0.0,540.0,540.0,540.0,540.0,1.0,1.0,5100.0,5100.0,5100.0,10.4,15.72052402,0.3,6.7050292460000005,115.80657331654548,GAS,GAS,GAS,14.45134,6.705029246,7.96824413,7.96824413,7.96824413,7.96824413,7.96824413,8.71824413,8.71824413,8.71824413,8.800451838,8.800451838,8.800451838,8.800451838,8.878006279,8.878006279,8.878006279,8.878006279,8.878006279,8.878006279,8.878006279,8.878006279,8.878006279,8.878006279,8.878006279,8.878006279,8.878006279
JLA01,JEERA,"Jeeralang ""A"" Power Station",VIC1,LV,279.0,Natural Gas (Pipeline),Fossil,0.90578,SCHEDULED,51.0,0.0,540.0,540.0,540.0,540.0,1.0,1.0,5100.0,5100.0,5100.0,10.4,15.72052402,0.3,6.7050292460000005,115.80657331654548,GAS,GAS,GAS,14.441163,6.705029246,7.96824413,7.96824413,7.96824413,7.96824413,7.96824413,8.71824413,8.71824413,8.71824413,8.800451838,8.800451838,8.800451838,8.800451838,8.878006279,8.878006279,8.878006279,8.878006279,8.878006279,8.878006279,8.878006279,8.878006279,8.878006279,8.878006279,8.878006279,8.878006279,8.878006279
JLA03,JEERA,"Jeeralang ""A"" Power Station",VIC1,LV,279.0,Natural Gas (Pipeline),Fossil,0.90578,SCHEDULED,51.0,0.0,540.0,540.0,540.0,540.0,1.0,1.0,5100.0,5100.0,5100.0,10.4,15.72052402,0.3,6.7050292460000005,115.80657331654548,GAS,GAS,GAS,14.461517,6.705029246,7.96824413,7.96824413,7.96824413,7.96824413,7.96824413,8.71824413,8.71824413,8.71824413,8.800451838,8.800451838,8.800451838,8.800451838,8.878006279,8.878006279,8.878006279,8.878006279,8.878006279,8.878006279,8.878006279,8.878006279,8.878006279,8.878006279,8.878006279,8.878006279,8.878006279
JLA04,JEERA,"Jeeralang ""A"" Power Station",VIC1,LV,279.0,Natural Gas (Pipeline),Fossil,0.90578,SCHEDULED,51.0,0.0,540.0,540.0,540.0,540.0,1.0,1.0,5100.0,5100.0,5100.0,10.4,15.72052402,0.3,6.7050292460000005,115.80657331654548,GAS,GAS,GAS,14.471694,6.705029246,7.96824413,7.96824413,7.96824413,7.96824413,7.96824413,8.71824413,8.71824413,8.71824413,8.800451838,8.800451838,8.800451838,8.800451838,8.878006279,8.878006279,8.878006279,8.878006279,8.878006279,8.878006279,8.878006279,8.878006279,8.878006279,8.878006279,8.878006279,8.878006279,8.878006279
HVGTS,HUNTVGT,Hunter Valley Gas Turbine,NSW1,NCEN,244.0,Kerosene - non aviation,Fossil,0.94233,SCHEDULED,50.0,0.0,60.0,60.0,60.0,60.0,1.0,1.0,5000.0,5000.0,5000.0,10.4,12.85714286,0.3,7.150907655,102.34024129900259,LIQUID,LIQUID,LIQUID,14.461517,35.870805159860666,34.77463371357784,35.10436609052539,35.318213068562905,35.014466515880066,34.564388999106136,34.03094165523381,33.49546859570387,33.00529029678825,32.55281211722384,32.13262408231321,31.764547550066432,31.436816768090974,31.10656245809076,30.785740256121443,30.48939170845631,30.221077924876827,29.9766144425475,29.748754256894834,29.532614965583978,29.32450331108591,29.1229832016507,28.926954448210342,28.734433104804538,28.54526707174038,28.18351852185589
LK_ECHO,LK_ECHO,Lake Echo Power Station,TAS1,TAS,425.0,Hydro,Hydro,0.0,SCHEDULED,32.0,0.0,1000.0,1000.0,1000.0,1000.0,1.0,1.0,160.0,96.0,64.0,7.0,0.0,0.0,0.0,7.0,HYDRO,HYDRO,HYDRO,57.70359,0.0,0.0,0.0,0.0,0.0,0.0,0.0,0.0,0.0,0.0,0.0,0.0,0.0,0.0,0.0,0.0,0.0,0.0,0.0,0.0,0.0,0.0,0.0,0.0,0.0,0.0
BASTYAN,BASTYAN,Bastyan Power Station,TAS1,TAS,431.0,Hydro,Hydro,0.0,SCHEDULED,80.0,0.056000000000000015,740.0,740.0,1790.0,1790.0,1.0,1.0,400.0,240.0,160.0,7.0,0.0,0.0,0.0,7.0,HYDRO,HYDRO,HYDRO,57.70359,0.0,0.0,0.0,0.0,0.0,0.0,0.0,0.0,0.0,0.0,0.0,0.0,0.0,0.0,0.0,0.0,0.0,0.0,0.0,0.0,0.0,0.0,0.0,0.0,0.0,0.0
MINTARO,MINTARO,Mintaro Gas Turbine Station,SA1,NSA,868.0,Natural Gas (Pipeline),Fossil,0.9619,SCHEDULED,90.0,0.0,300.0,300.0,300.0,300.0,1.0,1.0,9000.0,9000.0,9000.0,10.4,12.85714286,0.3,7.082565617,101.46155795309305,GAS,GAS,GAS,14.45134,7.082565617,7.585300447,7.586927582,7.588155065,7.588603754,7.588744866,8.338744866,8.338744866,8.338744866,8.338744866,8.338744866,8.338744866,8.338744866,8.338744866,8.338744866,8.338744866,8.338744866,8.338744866,8.338744866,8.338744866,8.338744866,8.338744866,8.338744866,8.338744866,8.338744866,8.338744866
EILDON1,EILDON,EILDON POWER STATION,VIC1,NVIC,199.0,Hydro,Hydro,0.0,SCHEDULED,60.0,18.0,900.0,900.0,900.0,900.0,1.0,1.0,300.0,180.0,120.0,7.0,0.0,0.0,0.0,7.0,HYDRO,HYDRO,HYDRO,57.70359,0.0,0.0,0.0,0.0,0.0,0.0,0.0,0.0,0.0,0.0,0.0,0.0,0.0,0.0,0.0,0.0,0.0,0.0,0.0,0.0,0.0,0.0,0.0,0.0,0.0,0.0
EILDON2,EILDON,EILDON POWER STATION,VIC1,NVIC,199.0,Hydro,Hydro,0.0,SCHEDULED,60.0,18.0,900.0,900.0,900.0,900.0,1.0,1.0,300.0,180.0,120.0,7.0,0.0,0.0,0.0,7.0,HYDRO,HYDRO,HYDRO,57.70359,0.0,0.0,0.0,0.0,0.0,0.0,0.0,0.0,0.0,0.0,0.0,0.0,0.0,0.0,0.0,0.0,0.0,0.0,0.0,0.0,0.0,0.0,0.0,0.0,0.0,0.0
UPPTUMUT,SNOWY2,Tumut Power Station,NSW1,CAN,507.0,Hydro,Hydro,0.0,SCHEDULED,616.0,0.0,7630.0,1840.0,7790.0,1800.0,1.0,1.0,3080.0,1848.0,1232.0,7.0,0.0,0.0,0.0,7.0,HYDRO,HYDRO,HYDRO,57.70359,0.0,0.0,0.0,0.0,0.0,0.0,0.0,0.0,0.0,0.0,0.0,0.0,0.0,0.0,0.0,0.0,0.0,0.0,0.0,0.0,0.0,0.0,0.0,0.0,0.0,0.0
GORDON,GORDON,Gordon Power Station,TAS1,TAS,940.0,Hydro,Hydro,0.0,SCHEDULED,432.0,0.0,2890.0,2780.0,5250.0,140.0,1.0,1.0,2160.0,1296.0,864.0,7.0,0.0,0.0,0.0,7.0,HYDRO,HYDRO,HYDRO,57.70359,0.0,0.0,0.0,0.0,0.0,0.0,0.0,0.0,0.0,0.0,0.0,0.0,0.0,0.0,0.0,0.0,0.0,0.0,0.0,0.0,0.0,0.0,0.0,0.0,0.0,0.0
MOREESF1,MOREESF,MOREE SOLAR FARM,NSW1,NNS,567.0,Solar,Solar,0.0,SEMI-SCHEDULED,57.0,0.0,3600.0,3600.0,3600.0,3600.0,0.0,0.0,0.0,0.0,0.0,0.0,3.6,0.0,0.0,0.0,SOLAR,SOLAR,SOLAR,25.4425,0.0,0.0,0.0,0.0,0.0,0.0,0.0,0.0,0.0,0.0,0.0,0.0,0.0,0.0,0.0,0.0,0.0,0.0,0.0,0.0,0.0,0.0,0.0,0.0,0.0,0.0
TREVALLN,TREVALLN,Trevallyn Power Station,TAS1,TAS,696.0,Hydro,Hydro,0.0,SCHEDULED,93.0,0.0,500.0,500.0,1710.0,1710.0,1.0,1.0,465.0,279.0,186.0,7.0,0.0,0.0,0.0,7.0,HYDRO,HYDRO,HYDRO,57.70359,0.0,0.0,0.0,0.0,0.0,0.0,0.0,0.0,0.0,0.0,0.0,0.0,0.0,0.0,0.0,0.0,0.0,0.0,0.0,0.0,0.0,0.0,0.0,0.0,0.0,0.0
TVCC201,TVCCPS,Tamar Valley Combined Cycle Power Station,TAS1,TAS,374.0,Natural Gas (Pipeline),Fossil,0.45191,SCHEDULED,208.0,0.0,430.0,430.0,110.0,540.0,4.0,4.0,5200.0,3120.0,1040.0,7.0,7.5,0.3,6.617023256,56.62767442000001,GAS,GAS,GAS,10.177,6.617023256,9.229674419,9.229674419,9.229674419,9.229674419,9.229674419,9.979674419,9.979674419,9.979674419,9.979674419,9.979674419,9.979674419,9.979674419,9.979674419,9.979674419,9.979674419,9.979674419,9.979674419,9.979674419,9.979674419,9.979674419,9.979674419,9.979674419,9.979674419,9.979674419,9.979674419
LKBONNY2,LKBONNY_2,Lake Bonney Stage 2 Windfarm,SA1,SESA,658.0,Wind,Wind,0.0,SEMI-SCHEDULED,159.0,0.0,780.0,780.0,780.0,780.0,1.0,1.0,795.0,477.0,318.0,0.0,3.6,0.0,0.0,0.0,WIND,WIND,WIND,72.92765422,0.0,0.0,0.0,0.0,0.0,0.0,0.0,0.0,0.0,0.0,0.0,0.0,0.0,0.0,0.0,0.0,0.0,0.0,0.0,0.0,0.0,0.0,0.0,0.0,0.0,0.0
HUMEV,HUMEV,Hume (Vic) Hydro Power Station,NSW1,SWNSW,734.0,Hydro,Hydro,0.0,SCHEDULED,29.0,4.0600000000000005,180.0,180.0,180.0,180.0,1.0,1.0,145.0,87.0,58.0,7.0,0.0,0.0,0.0,7.0,HYDRO,HYDRO,HYDRO,57.70359,0.0,0.0,0.0,0.0,0.0,0.0,0.0,0.0,0.0,0.0,0.0,0.0,0.0,0.0,0.0,0.0,0.0,0.0,0.0,0.0,0.0,0.0,0.0,0.0,0.0,0.0
LKBONNY3,LKBONNY3,Lake Bonney Stage 3 Wind Farm,SA1,SESA,655.0,Wind,Wind,0.0,SEMI-SCHEDULED,39.0,0.0,900.0,180.0,900.0,180.0,1.0,1.0,195.0,117.0,78.0,0.0,3.6,0.0,0.0,0.0,WIND,WIND,WIND,73.30017798,0.0,0.0,0.0,0.0,0.0,0.0,0.0,0.0,0.0,0.0,0.0,0.0,0.0,0.0,0.0,0.0,0.0,0.0,0.0,0.0,0.0,0.0,0.0,0.0,0.0,0.0
BDL01,DEIBDL,Bairnsdale Power Station,VIC1,LV,88.0,Natural Gas (Pipeline),Fossil,0.57086,SCHEDULED,47.0,0.0,240.0,240.0,240.0,240.0,1.0,1.0,4700.0,4700.0,4700.0,10.4,10.58823529,0.3,6.213779014,76.19295424029622,GAS,GAS,GAS,14.45134,6.213779014,7.96824413,7.96824413,7.96824413,7.96824413,7.96824413,8.71824413,8.71824413,8.71824413,8.800451838,8.800451838,8.800451838,8.800451838,8.878006279,8.878006279,8.878006279,8.878006279,8.878006279,8.878006279,8.878006279,8.878006279,8.878006279,8.878006279,8.878006279,8.878006279,8.878006279
BDL02,DEIBDL,Bairnsdale Power Station,VIC1,LV,88.0,Natural Gas (Pipeline),Fossil,0.57086,SCHEDULED,47.0,0.0,240.0,240.0,240.0,240.0,1.0,1.0,4700.0,4700.0,4700.0,10.4,10.58823529,0.3,6.213779014,76.19295424029622,GAS,GAS,GAS,14.461517,6.213779014,7.96824413,7.96824413,7.96824413,7.96824413,7.96824413,8.71824413,8.71824413,8.71824413,8.800451838,8.800451838,8.800451838,8.800451838,8.878006279,8.878006279,8.878006279,8.878006279,8.878006279,8.878006279,8.878006279,8.878006279,8.878006279,8.878006279,8.878006279,8.878006279,8.878006279
YARWUN_1,YARWUN,Yarwun Power Station,QLD1,CQ,703.0,Natural Gas (Pipeline),Fossil,0.62552,SCHEDULED,154.0,0.0,600.0,600.0,600.0,600.0,1.0,1.0,3850.0,2310.0,770.0,7.0,10.58823529,0.3,4.103447547,50.44826812780934,GAS,GAS,GAS,10.177,4.103447547,4.103447547,4.103447547,4.103447547,4.103447547,4.103447547,4.103447547,4.103447547,4.103447547,4.103447547,4.103447547,4.103447547,4.103447547,7.95,7.95,7.95,7.95,7.95,7.95,7.95,7.95,7.95,7.95,7.95,7.95,7.95
BARRON-2,BARRON,Barron Gorge Power Station,QLD1,NQ,156.0,Hydro,Hydro,0.0,SCHEDULED,30.0,0.0,180.0,180.0,180.0,180.0,1.0,1.0,150.0,90.0,60.0,7.0,0.0,0.0,0.0,7.0,HYDRO,HYDRO,HYDRO,57.70359,0.0,0.0,0.0,0.0,0.0,0.0,0.0,0.0,0.0,0.0,0.0,0.0,0.0,0.0,0.0,0.0,0.0,0.0,0.0,0.0,0.0,0.0,0.0,0.0,0.0,0.0
BARRON-1,BARRON,Barron Gorge Power Station,QLD1,NQ,156.0,Hydro,Hydro,0.0,SCHEDULED,30.0,0.0,180.0,180.0,180.0,180.0,1.0,1.0,150.0,90.0,60.0,7.0,0.0,0.0,0.0,7.0,HYDRO,HYDRO,HYDRO,57.70359,0.0,0.0,0.0,0.0,0.0,0.0,0.0,0.0,0.0,0.0,0.0,0.0,0.0,0.0,0.0,0.0,0.0,0.0,0.0,0.0,0.0,0.0,0.0,0.0,0.0,0.0
CALL_B_1,CALLIDE,Callide Power Station,QLD1,CQ,931.0,Black coal,Fossil,1.01516,SCHEDULED,350.0,171.5,180.0,180.0,190.0,190.0,8.0,8.0,122500.0,42000.0,14000.0,1.0,9.972299169,0.1,2.12,22.14127423828,COAL,BLACK-COAL,COAL,54.9558,2.12,2.02,2.02,2.057,2.103,2.135,2.157,2.181,2.2,2.243,2.279,2.289,2.315,2.35,2.398,2.642,2.875,2.934,3.005,3.04,3.04,3.04,3.04,3.04,3.04,3.04
CALL_B_2,CALLIDE,Callide Power Station,QLD1,CQ,931.0,Black coal,Fossil,1.01516,SCHEDULED,350.0,171.5,180.0,180.0,190.0,190.0,8.0,8.0,122500.0,42000.0,14000.0,1.0,9.972299169,0.1,2.12,22.14127423828,COAL,BLACK-COAL,COAL,54.9568177,2.12,2.02,2.02,2.057,2.103,2.135,2.157,2.181,2.2,2.243,2.279,2.289,2.315,2.35,2.398,2.642,2.875,2.934,3.005,3.04,3.04,3.04,3.04,3.04,3.04,3.04
KAREEYA4,KAREEYA,KAREEYA POWER STATION,QLD1,NQ,751.0,Hydro,Hydro,0.0,SCHEDULED,21.0,5.25,300.0,120.0,300.0,120.0,1.0,1.0,105.0,63.0,42.0,7.0,0.0,0.0,0.0,7.0,HYDRO,HYDRO,HYDRO,57.70359,0.0,0.0,0.0,0.0,0.0,0.0,0.0,0.0,0.0,0.0,0.0,0.0,0.0,0.0,0.0,0.0,0.0,0.0,0.0,0.0,0.0,0.0,0.0,0.0,0.0,0.0
KAREEYA2,KAREEYA,KAREEYA POWER STATION,QLD1,NQ,751.0,Hydro,Hydro,0.0,SCHEDULED,21.0,5.25,300.0,120.0,300.0,120.0,1.0,1.0,105.0,63.0,42.0,7.0,0.0,0.0,0.0,7.0,HYDRO,HYDRO,HYDRO,57.70359,0.0,0.0,0.0,0.0,0.0,0.0,0.0,0.0,0.0,0.0,0.0,0.0,0.0,0.0,0.0,0.0,0.0,0.0,0.0,0.0,0.0,0.0,0.0,0.0,0.0,0.0
KAREEYA1,KAREEYA,KAREEYA POWER STATION,QLD1,NQ,751.0,Hydro,Hydro,0.0,SCHEDULED,21.0,5.25,300.0,120.0,300.0,120.0,1.0,1.0,105.0,63.0,42.0,7.0,0.0,0.0,0.0,7.0,HYDRO,HYDRO,HYDRO,57.70359,0.0,0.0,0.0,0.0,0.0,0.0,0.0,0.0,0.0,0.0,0.0,0.0,0.0,0.0,0.0,0.0,0.0,0.0,0.0,0.0,0.0,0.0,0.0,0.0,0.0,0.0
KAREEYA3,KAREEYA,KAREEYA POWER STATION,QLD1,NQ,751.0,Hydro,Hydro,0.0,SCHEDULED,21.0,5.25,300.0,120.0,300.0,120.0,1.0,1.0,105.0,63.0,42.0,7.0,0.0,0.0,0.0,7.0,HYDRO,HYDRO,HYDRO,57.70359,0.0,0.0,0.0,0.0,0.0,0.0,0.0,0.0,0.0,0.0,0.0,0.0,0.0,0.0,0.0,0.0,0.0,0.0,0.0,0.0,0.0,0.0,0.0,0.0,0.0,0.0
OAKEY1,OAKEY,OAKEY POWER STATION,QLD1,SWQ,366.0,Natural Gas (Pipeline),Fossil,0.8537299999999999,SCHEDULED,141.0,0.0,660.0,660.0,660.0,660.0,1.0,1.0,14100.0,14100.0,14100.0,10.4,11.04294479,0.3,6.6942,84.323681013218,GAS,GAS,GAS,14.45134,6.6942,6.6942,6.6942,6.6942,6.6942,6.6942,7.6942,7.6942,7.6942,7.6942,7.6942,7.6942,7.6942,7.6942,7.6942,7.6942,7.6942,7.6942,7.6942,7.6942,7.6942,7.6942,7.6942,7.6942,7.6942,7.6942
OAKEY2,OAKEY,OAKEY POWER STATION,QLD1,SWQ,366.0,Natural Gas (Pipeline),Fossil,0.8537299999999999,SCHEDULED,141.0,0.0,660.0,660.0,660.0,660.0,1.0,1.0,14100.0,14100.0,14100.0,10.4,11.04294479,0.3,6.6942,84.323681013218,GAS,GAS,GAS,14.461517,6.6942,6.6942,6.6942,6.6942,6.6942,6.6942,7.6942,7.6942,7.6942,7.6942,7.6942,7.6942,7.6942,7.6942,7.6942,7.6942,7.6942,7.6942,7.6942,7.6942,7.6942,7.6942,7.6942,7.6942,7.6942,7.6942
VPGS3,VPGS,Valley Power Peaking Facility,VIC1,LV,775.0,Natural Gas (Pipeline),Fossil,0.88032961,SCHEDULED,50.0,0.0,3360.0,600.0,3600.0,600.0,1.0,1.0,5000.0,5000.0,5000.0,10.4,15.0,0.3,6.213779014,103.60668521,GAS,GAS,GAS,14.441163,6.213779014,7.96824413,7.96824413,7.96824413,7.96824413,7.96824413,8.71824413,8.71824413,8.71824413,8.800451838,8.800451838,8.800451838,8.800451838,8.878006279,8.878006279,8.878006279,8.878006279,8.878006279,8.878006279,8.878006279,8.878006279,8.878006279,8.878006279,8.878006279,8.878006279,8.878006279
VPGS4,VPGS,Valley Power Peaking Facility,VIC1,LV,775.0,Natural Gas (Pipeline),Fossil,0.88032961,SCHEDULED,50.0,0.0,3360.0,600.0,3600.0,600.0,1.0,1.0,5000.0,5000.0,5000.0,10.4,15.0,0.3,6.213779014,103.60668521,GAS,GAS,GAS,14.45134,6.213779014,7.96824413,7.96824413,7.96824413,7.96824413,7.96824413,8.71824413,8.71824413,8.71824413,8.800451838,8.800451838,8.800451838,8.800451838,8.878006279,8.878006279,8.878006279,8.878006279,8.878006279,8.878006279,8.878006279,8.878006279,8.878006279,8.878006279,8.878006279,8.878006279,8.878006279
VPGS2,VPGS,Valley Power Peaking Facility,VIC1,LV,775.0,Natural Gas (Pipeline),Fossil,0.88032961,SCHEDULED,50.0,0.0,3360.0,600.0,3600.0,600.0,1.0,1.0,5000.0,5000.0,5000.0,10.4,15.0,0.3,6.213779014,103.60668521,GAS,GAS,GAS,14.430986,6.213779014,7.96824413,7.96824413,7.96824413,7.96824413,7.96824413,8.71824413,8.71824413,8.71824413,8.800451838,8.800451838,8.800451838,8.800451838,8.878006279,8.878006279,8.878006279,8.878006279,8.878006279,8.878006279,8.878006279,8.878006279,8.878006279,8.878006279,8.878006279,8.878006279,8.878006279
VPGS1,VPGS,Valley Power Peaking Facility,VIC1,LV,775.0,Natural Gas (Pipeline),Fossil,0.88032961,SCHEDULED,50.0,0.0,3360.0,600.0,3600.0,600.0,1.0,1.0,5000.0,5000.0,5000.0,10.4,15.0,0.3,6.213779014,103.60668521,GAS,GAS,GAS,14.420809,6.213779014,7.96824413,7.96824413,7.96824413,7.96824413,7.96824413,8.71824413,8.71824413,8.71824413,8.800451838,8.800451838,8.800451838,8.800451838,8.878006279,8.878006279,8.878006279,8.878006279,8.878006279,8.878006279,8.878006279,8.878006279,8.878006279,8.878006279,8.878006279,8.878006279,8.878006279
VPGS5,VPGS,Valley Power Peaking Facility,VIC1,LV,775.0,Natural Gas (Pipeline),Fossil,0.88032961,SCHEDULED,50.0,0.0,3360.0,600.0,3600.0,600.0,1.0,1.0,5000.0,5000.0,5000.0,10.4,15.0,0.3,6.213779014,103.60668521,GAS,GAS,GAS,14.461517,6.213779014,7.96824413,7.96824413,7.96824413,7.96824413,7.96824413,8.71824413,8.71824413,8.71824413,8.800451838,8.800451838,8.800451838,8.800451838,8.878006279,8.878006279,8.878006279,8.878006279,8.878006279,8.878006279,8.878006279,8.878006279,8.878006279,8.878006279,8.878006279,8.878006279,8.878006279
VPGS6,VPGS,Valley Power Peaking Facility,VIC1,LV,775.0,Natural Gas (Pipeline),Fossil,0.88032961,SCHEDULED,50.0,0.0,3360.0,600.0,3600.0,600.0,1.0,1.0,5000.0,5000.0,5000.0,10.4,15.0,0.3,6.213779014,103.60668521,GAS,GAS,GAS,14.471694,6.213779014,7.96824413,7.96824413,7.96824413,7.96824413,7.96824413,8.71824413,8.71824413,8.71824413,8.800451838,8.800451838,8.800451838,8.800451838,8.878006279,8.878006279,8.878006279,8.878006279,8.878006279,8.878006279,8.878006279,8.878006279,8.878006279,8.878006279,8.878006279,8.878006279,8.878006279
OSB-AG,OSBORNE,OSBORNE POWER STATION,SA1,ADE,122.0,Natural Gas (Pipeline),Fossil,0.57192,SCHEDULED,180.0,0.0,170.0,170.0,160.0,160.0,4.0,4.0,4500.0,2700.0,900.0,7.0,8.571428571,0.3,6.6290585470000005,63.82050182858754,GAS,GAS,GAS,10.177,6.629058547,7.655744344,7.660405414,7.657143488,7.653748204,7.659573797,8.406737986,8.404087962,8.402568222,8.402391937,8.401652116,8.400093139,8.400410777,8.401552765,8.400172248,8.400511687,8.400731639,8.400731639,8.401050559,8.401050559,8.401050559,8.401050559,8.401050559,8.401050559,8.401050559,8.401050559
OAKLAND1,OAKLAND,Oaklands Hill Wind Farm,VIC1,MEL,619.0,Wind,Wind,0.0,SEMI-SCHEDULED,67.0,0.0,620.0,600.0,630.0,620.0,1.0,1.0,335.0,201.0,134.0,0.0,3.6,0.0,0.0,0.0,WIND,WIND,WIND,76.71881343,0.0,0.0,0.0,0.0,0.0,0.0,0.0,0.0,0.0,0.0,0.0,0.0,0.0,0.0,0.0,0.0,0.0,0.0,0.0,0.0,0.0,0.0,0.0,0.0,0.0,0.0
NYNGAN1,NYNGAN,Nyngan Solar Plant,NSW1,NCEN,573.0,Solar,Solar,0.0,SEMI-SCHEDULED,102.0,0.0,1200.0,1200.0,1200.0,1200.0,0.0,0.0,0.0,0.0,0.0,0.0,3.6,0.0,0.0,0.0,SOLAR,SOLAR,SOLAR,25.4425,0.0,0.0,0.0,0.0,0.0,0.0,0.0,0.0,0.0,0.0,0.0,0.0,0.0,0.0,0.0,0.0,0.0,0.0,0.0,0.0,0.0,0.0,0.0,0.0,0.0,0.0
CETHANA,CETHANA,Cethana Power Station,TAS1,TAS,615.0,Hydro,Hydro,0.0,SCHEDULED,85.0,0.0,1260.0,1260.0,1790.0,1790.0,1.0,1.0,425.0,255.0,170.0,7.0,0.0,0.0,0.0,7.0,HYDRO,HYDRO,HYDRO,57.70359,0.0,0.0,0.0,0.0,0.0,0.0,0.0,0.0,0.0,0.0,0.0,0.0,0.0,0.0,0.0,0.0,0.0,0.0,0.0,0.0,0.0,0.0,0.0,0.0,0.0,0.0
MUSSELR1,MUSSELRO,Musselroe Wind Farm,TAS1,TAS,374.0,Wind,Wind,0.0,SEMI-SCHEDULED,168.0,0.0,9740.0,9740.0,10080.0,10080.0,1.0,1.0,840.0,504.0,336.0,0.0,3.6,0.0,0.0,0.0,WIND,WIND,WIND,80.33251475,0.0,0.0,0.0,0.0,0.0,0.0,0.0,0.0,0.0,0.0,0.0,0.0,0.0,0.0,0.0,0.0,0.0,0.0,0.0,0.0,0.0,0.0,0.0,0.0,0.0,0.0
CG1,COLONGRA,Colongra Power Station,NSW1,NCEN,162.0,Natural Gas (Pipeline),Fossil,0.7903899999999999,SCHEDULED,181.0,0.0,720.0,720.0,720.0,720.0,1.0,1.0,18100.0,18100.0,18100.0,8.3,11.25,0.3,5.825201823,73.83352050875,GAS,GAS,GAS,14.441163,5.825201823,7.579666939,7.579666939,7.579666939,7.579666939,7.579666939,8.329666939,8.329666939,8.329666939,8.329666939,8.329666939,8.329666939,8.329666939,8.329666939,8.329666939,8.329666939,8.329666939,8.329666939,8.329666939,8.329666939,8.329666939,8.329666939,8.329666939,8.329666939,8.329666939,8.329666939
CG2,COLONGRA,Colongra Power Station,NSW1,NCEN,162.0,Natural Gas (Pipeline),Fossil,0.7903899999999999,SCHEDULED,181.0,0.0,720.0,720.0,720.0,720.0,1.0,1.0,18100.0,18100.0,18100.0,8.3,11.25,0.3,5.825201823,73.83352050875,GAS,GAS,GAS,14.45134,5.825201823,7.579666939,7.579666939,7.579666939,7.579666939,7.579666939,8.329666939,8.329666939,8.329666939,8.329666939,8.329666939,8.329666939,8.329666939,8.329666939,8.329666939,8.329666939,8.329666939,8.329666939,8.329666939,8.329666939,8.329666939,8.329666939,8.329666939,8.329666939,8.329666939,8.329666939
CG3,COLONGRA,Colongra Power Station,NSW1,NCEN,162.0,Natural Gas (Pipeline),Fossil,0.7903899999999999,SCHEDULED,181.0,0.0,720.0,720.0,720.0,720.0,1.0,1.0,18100.0,18100.0,18100.0,8.3,11.25,0.3,5.825201823,73.83352050875,GAS,GAS,GAS,14.461517,5.825201823,7.579666939,7.579666939,7.579666939,7.579666939,7.579666939,8.329666939,8.329666939,8.329666939,8.329666939,8.329666939,8.329666939,8.329666939,8.329666939,8.329666939,8.329666939,8.329666939,8.329666939,8.329666939,8.329666939,8.329666939,8.329666939,8.329666939,8.329666939,8.329666939,8.329666939
CG4,COLONGRA,Colongra Power Station,NSW1,NCEN,162.0,Natural Gas (Pipeline),Fossil,0.7903899999999999,SCHEDULED,181.0,0.0,720.0,720.0,720.0,720.0,1.0,1.0,18100.0,18100.0,18100.0,8.3,11.25,0.3,5.825201823,73.83352050875,GAS,GAS,GAS,14.471694,5.825201823,7.579666939,7.579666939,7.579666939,7.579666939,7.579666939,8.329666939,8.329666939,8.329666939,8.329666939,8.329666939,8.329666939,8.329666939,8.329666939,8.329666939,8.329666939,8.329666939,8.329666939,8.329666939,8.329666939,8.329666939,8.329666939,8.329666939,8.329666939,8.329666939,8.329666939
GUNNING1,GUNNING,Gunning Wind Farm,NSW1,CAN,415.0,Wind,Wind,0.0,SEMI-SCHEDULED,47.0,0.0,2820.0,2820.0,2820.0,2820.0,1.0,1.0,235.0,141.0,94.0,0.0,3.6,0.0,0.0,0.0,WIND,WIND,WIND,75.59337735,0.0,0.0,0.0,0.0,0.0,0.0,0.0,0.0,0.0,0.0,0.0,0.0,0.0,0.0,0.0,0.0,0.0,0.0,0.0,0.0,0.0,0.0,0.0,0.0,0.0,0.0
TNPS1,TARONGN,Tarong North Power Station,QLD1,SWQ,456.0,Black coal,Fossil,0.89438,SCHEDULED,443.0,175.0,270.0,270.0,320.0,320.0,8.0,8.0,155050.0,53160.0,17720.0,1.0,9.183673469,0.1,2.766,26.402040815254,COAL,BLACK-COAL,COAL,53.22571,2.766,2.766,2.766,2.772,2.778,2.779,2.799,2.819,2.82,2.821,2.822,2.824,2.824,2.824,2.824,2.824,2.824,2.824,2.824,2.824,2.824,2.824,2.824,2.824,2.824,2.824
NPS,NEWPORT,NEWPORT POWER STATION,VIC1,MEL,147.0,Natural Gas (Pipeline),Fossil,0.59856,SCHEDULED,500.0,0.0,340.0,340.0,420.0,420.0,1.0,1.0,10000.0,5000.0,2500.0,12.5,10.81081081,0.3,6.70209177,84.95504615672803,GAS,GAS,GAS,44.37172,6.70209177,7.965407667,7.965556484,7.965771607,7.965388883,7.966666853,8.716721123,8.716785483,8.716738714,8.798984406,8.798984198,8.799032111,8.799001926,8.876559827,8.87657386,8.876628558,8.876587972,8.876607609,8.876615379,8.876615379,8.876615379,8.876615379,8.876615379,8.876615379,8.876615379,8.876615379
NBHWF1,NBHWF,North Brown Hill Wind Farm,SA1,NSA,399.0,Wind,Wind,0.0,SEMI-SCHEDULED,132.0,0.0,180.0,180.0,180.0,180.0,1.0,1.0,660.0,396.0,264.0,0.0,3.6,0.0,0.0,0.0,WIND,WIND,WIND,77.96155406,0.0,0.0,0.0,0.0,0.0,0.0,0.0,0.0,0.0,0.0,0.0,0.0,0.0,0.0,0.0,0.0,0.0,0.0,0.0,0.0,0.0,0.0,0.0,0.0,0.0,0.0
CLEMGPWF,CLEMGPWF,Clements Gap Wind Farm,SA1,NSA,353.0,Wind,Wind,0.0,SEMI-SCHEDULED,57.0,0.0,1790.0,1790.0,1790.0,1790.0,1.0,1.0,285.0,171.0,114.0,0.0,3.6,0.0,0.0,0.0,WIND,WIND,WIND,77.00997863,0.0,0.0,0.0,0.0,0.0,0.0,0.0,0.0,0.0,0.0,0.0,0.0,0.0,0.0,0.0,0.0,0.0,0.0,0.0,0.0,0.0,0.0,0.0,0.0,0.0,0.0
MURRAY,MURRAY,Murray Power Station,NSW1,CAN,209.0,Hydro,Hydro,0.0,SCHEDULED,1500.0,0.0,11440.0,2990.0,12000.0,2530.0,1.0,1.0,7500.0,4500.0,3000.0,7.0,0.0,0.0,0.0,7.0,HYDRO,HYDRO,HYDRO,57.70359,0.0,0.0,0.0,0.0,0.0,0.0,0.0,0.0,0.0,0.0,0.0,0.0,0.0,0.0,0.0,0.0,0.0,0.0,0.0,0.0,0.0,0.0,0.0,0.0,0.0,0.0
LADBROK2,LADBROKE,Ladbroke Grove Power Station,SA1,SESA,656.0,Natural Gas (Pipeline),Fossil,0.66009,SCHEDULED,40.0,0.0,480.0,480.0,480.0,480.0,1.0,1.0,4000.0,4000.0,4000.0,10.4,12.0,0.3,6.6290585470000005,89.948702564,GAS,GAS,GAS,14.461517,6.629058547,7.655744344,7.660405414,7.657143488,7.653748204,7.659573797,8.406737986,8.404087962,8.402568222,8.402391937,8.401652116,8.400093139,8.400410777,8.401552765,8.400172248,8.400511687,8.400731639,8.400731639,8.401050559,8.401050559,8.401050559,8.401050559,8.401050559,8.401050559,8.401050559,8.401050559
LADBROK1,LADBROKE,Ladbroke Grove Power Station,SA1,SESA,656.0,Natural Gas (Pipeline),Fossil,0.66009,SCHEDULED,40.0,0.0,480.0,480.0,480.0,480.0,1.0,1.0,4000.0,4000.0,4000.0,10.4,12.0,0.3,6.6290585470000005,89.948702564,GAS,GAS,GAS,14.45134,6.629058547,7.655744344,7.660405414,7.657143488,7.653748204,7.659573797,8.406737986,8.404087962,8.402568222,8.402391937,8.401652116,8.400093139,8.400410777,8.401552765,8.400172248,8.400511687,8.400731639,8.400731639,8.401050559,8.401050559,8.401050559,8.401050559,8.401050559,8.401050559,8.401050559,8.401050559
KPP_1,KOGANCK,Kogan Creek Power Station,QLD1,SWQ,815.0,Black coal,Fossil,0.90583,SCHEDULED,744.0,347.2,240.0,300.0,210.0,210.0,8.0,8.0,260400.0,89280.0,29760.0,0.4925,9.37,0.1,1.459,14.163329999999998,COAL,BLACK-COAL,COAL,55.47517422,1.459,1.521,1.535,1.54,1.546,1.547,1.564,1.581,1.582,1.583,1.584,1.585,1.586,1.586,1.586,1.586,1.586,1.586,1.586,1.586,1.586,1.586,1.586,1.586,1.586,1.586
WOODLWN1,WOODLWN,Woodlawn Wind Farm,NSW1,CAN,692.0,Wind,Wind,0.0,SEMI-SCHEDULED,48.0,0.0,900.0,180.0,900.0,180.0,1.0,1.0,240.0,144.0,96.0,0.0,3.6,0.0,0.0,0.0,WIND,WIND,WIND,77.54466473,0.0,0.0,0.0,0.0,0.0,0.0,0.0,0.0,0.0,0.0,0.0,0.0,0.0,0.0,0.0,0.0,0.0,0.0,0.0,0.0,0.0,0.0,0.0,0.0,0.0,0.0
CPP_3,CALLIDEC,CALLIDE C NETT OFF,QLD1,CQ,933.0,Black coal,Fossil,0.96132,SCHEDULED,420.0,207.40740740740742,210.0,220.0,230.0,230.0,8.0,8.0,147000.0,50400.0,16800.0,1.0,9.863013699,0.1,2.12,21.909589041879997,COAL,BLACK-COAL,COAL,54.9558,2.12,2.02,2.02,2.057,2.103,2.135,2.157,2.181,2.2,2.243,2.279,2.289,2.315,2.35,2.398,2.642,2.875,2.934,3.005,3.04,3.04,3.04,3.04,3.04,3.04,3.04
CPP_4,CALLIDEC,CALLIDE C NETT OFF,QLD1,CQ,933.0,Black coal,Fossil,0.96132,SCHEDULED,420.0,207.40740740740742,210.0,220.0,230.0,230.0,8.0,8.0,147000.0,50400.0,16800.0,1.0,9.863013699,0.1,2.12,21.909589041879997,COAL,BLACK-COAL,COAL,54.965977,2.12,2.02,2.02,2.057,2.103,2.135,2.157,2.181,2.2,2.243,2.279,2.289,2.315,2.35,2.398,2.642,2.875,2.934,3.005,3.04,3.04,3.04,3.04,3.04,3.04,3.04
BW01,BAYSW,Bayswater Power Station,NSW1,NCEN,244.0,Black coal,Fossil,0.9674,SCHEDULED,660.0,291.1764705882353,120.0,100.0,310.0,230.0,8.0,8.0,231000.0,79200.0,26400.0,1.0,10.02785515,0.1,1.463,15.67075208445,COAL,BLACK-COAL,COAL,54.335003,1.463,1.485,1.526,1.61,1.615,1.63,1.681,1.737,1.797,1.799,1.981,2.38,2.636,2.759,2.863,2.905,2.946,2.998,3.07,3.107,3.107,3.107,3.107,3.107,3.107,3.107
BW02,BAYSW,Bayswater Power Station,NSW1,NCEN,244.0,Black coal,Fossil,0.9674,SCHEDULED,660.0,291.1764705882353,120.0,100.0,310.0,230.0,8.0,8.0,231000.0,79200.0,26400.0,1.0,10.02785515,0.1,1.463,15.67075208445,COAL,BLACK-COAL,COAL,54.34518,1.463,1.485,1.526,1.61,1.615,1.63,1.681,1.737,1.797,1.799,1.981,2.38,2.636,2.759,2.863,2.905,2.946,2.998,3.07,3.107,3.107,3.107,3.107,3.107,3.107,3.107
BW03,BAYSW,Bayswater Power Station,NSW1,NCEN,244.0,Black coal,Fossil,0.9674,SCHEDULED,660.0,291.1764705882353,120.0,100.0,310.0,230.0,8.0,8.0,231000.0,79200.0,26400.0,1.0,10.02785515,0.1,1.463,15.67075208445,COAL,BLACK-COAL,COAL,54.355357,1.463,1.485,1.526,1.61,1.615,1.63,1.681,1.737,1.797,1.799,1.981,2.38,2.636,2.759,2.863,2.905,2.946,2.998,3.07,3.107,3.107,3.107,3.107,3.107,3.107,3.107
BW04,BAYSW,Bayswater Power Station,NSW1,NCEN,244.0,Black coal,Fossil,0.9674,SCHEDULED,660.0,291.1764705882353,120.0,100.0,310.0,230.0,8.0,8.0,231000.0,79200.0,26400.0,1.0,10.02785515,0.1,1.463,15.67075208445,COAL,BLACK-COAL,COAL,54.365534,1.463,1.485,1.526,1.61,1.615,1.63,1.681,1.737,1.797,1.799,1.981,2.38,2.636,2.759,2.863,2.905,2.946,2.998,3.07,3.107,3.107,3.107,3.107,3.107,3.107,3.107
HALLWF1,HALLWF,Hallett 1 Wind Farm,SA1,NSA,107.0,Wind,Wind,0.0,SEMI-SCHEDULED,95.0,0.0,180.0,180.0,180.0,180.0,1.0,1.0,475.0,285.0,190.0,0.0,3.6,0.0,0.0,0.0,WIND,WIND,WIND,77.96155406,0.0,0.0,0.0,0.0,0.0,0.0,0.0,0.0,0.0,0.0,0.0,0.0,0.0,0.0,0.0,0.0,0.0,0.0,0.0,0.0,0.0,0.0,0.0,0.0,0.0,0.0
TUMUT3,SNOWY1,Tumut 3 Power Station,NSW1,CAN,667.0,Hydro,Hydro,0.0,SCHEDULED,1500.0,0.0,12000.0,2890.0,12000.0,2120.0,1.0,1.0,7500.0,4500.0,3000.0,7.0,0.0,0.0,0.0,7.0,HYDRO,HYDRO,HYDRO,57.70359,0.0,0.0,0.0,0.0,0.0,0.0,0.0,0.0,0.0,0.0,0.0,0.0,0.0,0.0,0.0,0.0,0.0,0.0,0.0,0.0,0.0,0.0,0.0,0.0,0.0,0.0
POR03,PORTLCN,Port Lincoln Gas Turbine,SA1,NSA,885.0,Diesel oil,Fossil,1.56153,SCHEDULED,23.0,0.0,180.0,180.0,180.0,180.0,1.0,1.0,2300.0,2300.0,2300.0,10.4,13.84615385,0.3,8.405479859,126.7835673107903,LIQUID,LIQUID,LIQUID,14.461517,35.870805159860666,34.77463371357784,35.10436609052539,35.318213068562905,35.014466515880066,34.564388999106136,34.03094165523381,33.49546859570387,33.00529029678825,32.55281211722384,32.13262408231321,31.764547550066432,31.436816768090974,31.10656245809076,30.785740256121443,30.48939170845631,30.221077924876827,29.9766144425475,29.748754256894834,29.532614965583978,29.32450331108591,29.1229832016507,28.926954448210342,28.734433104804538,28.54526707174038,28.18351852185589
POR01,PORTLCN,Port Lincoln Gas Turbine,SA1,NSA,885.0,Diesel oil,Fossil,1.56153,SCHEDULED,50.0,0.0,180.0,180.0,180.0,180.0,1.0,1.0,5000.0,5000.0,5000.0,10.4,13.84615385,0.3,8.405479859,126.7835673107903,LIQUID,LIQUID,LIQUID,14.441163,35.870805159860666,34.77463371357784,35.10436609052539,35.318213068562905,35.014466515880066,34.564388999106136,34.03094165523381,33.49546859570387,33.00529029678825,32.55281211722384,32.13262408231321,31.764547550066432,31.436816768090974,31.10656245809076,30.785740256121443,30.48939170845631,30.221077924876827,29.9766144425475,29.748754256894834,29.532614965583978,29.32450331108591,29.1229832016507,28.926954448210342,28.734433104804538,28.54526707174038,28.18351852185589
PPCCGT,NPPPPS,Pelican Point Power Station,SA1,ADE,797.0,Natural Gas (Pipeline),Fossil,0.48318,SCHEDULED,478.0,0.0,600.0,600.0,600.0,600.0,4.0,4.0,11950.0,7170.0,2390.0,7.0,7.5,0.3,7.223998176,61.17998632000001,GAS,GAS,GAS,10.177,7.223998176,7.726733005,7.72836014,7.729587623,7.730036312,7.730177424,8.480177424,8.480177424,8.480177424,8.480177424,8.480177424,8.480177424,8.480177424,8.480177424,8.480177424,8.480177424,8.480177424,8.480177424,8.480177424,8.480177424,8.480177424,8.480177424,8.480177424,8.480177424,8.480177424,8.480177424
CPSA,CPSA,Condamine Power Station A,QLD1,SWQ,819.0,Natural Gas (Pipeline),Fossil,0.5264,SCHEDULED,144.0,0.0,170.0,170.0,180.0,180.0,4.0,4.0,3600.0,2160.0,720.0,7.0,7.5,0.3,5.745362791,50.0902209325,GAS,GAS,GAS,10.177,5.745362791,6.9442,6.9442,6.9442,6.9442,6.9442,7.6942,7.6942,7.6942,7.6942,7.6942,7.6942,7.6942,7.6942,7.6942,7.6942,7.6942,7.6942,7.6942,7.6942,7.6942,7.6942,7.6942,7.6942,7.6942,7.6942
PTSTAN1,STANVAC,Pt Stanvac Power Station,SA1,ADE,11.0,Diesel oil,Fossil,0.657,SCHEDULED,58.0,0.0,180.0,180.0,180.0,180.0,1.0,1.0,5800.0,5800.0,5800.0,10.88332,13.84615385,0.3,8.405479859,127.26688731079031,LIQUID,LIQUID,LIQUID,14.98307639,35.870805159860666,34.77463371357784,35.10436609052539,35.318213068562905,35.014466515880066,34.564388999106136,34.03094165523381,33.49546859570387,33.00529029678825,32.55281211722384,32.13262408231321,31.764547550066432,31.436816768090974,31.10656245809076,30.785740256121443,30.48939170845631,30.221077924876827,29.9766144425475,29.748754256894834,29.532614965583978,29.32450331108591,29.1229832016507,28.926954448210342,28.734433104804538,28.54526707174038,28.18351852185589
HDWF2,HORNSDAL2,Hornsdale Wind Farm 2,SA1,NSA,107.0,Wind,Wind,0.0,SEMI-SCHEDULED,102.0,0.0,180.0,180.0,180.0,180.0,1.0,1.0,510.0,306.0,204.0,0.0,3.6,0.0,0.0,0.0,WIND,WIND,WIND,71.76264772,0.0,0.0,0.0,0.0,0.0,0.0,0.0,0.0,0.0,0.0,0.0,0.0,0.0,0.0,0.0,0.0,0.0,0.0,0.0,0.0,0.0,0.0,0.0,0.0,0.0,0.0
HDWF1,HORNSDAL,Hornsdale Wind Farm,SA1,NSA,107.0,Wind,Wind,0.0,SEMI-SCHEDULED,102.0,0.0,180.0,180.0,180.0,180.0,1.0,1.0,510.0,306.0,204.0,0.0,3.6,0.0,0.0,0.0,WIND,WIND,WIND,71.76264772,0.0,0.0,0.0,0.0,0.0,0.0,0.0,0.0,0.0,0.0,0.0,0.0,0.0,0.0,0.0,0.0,0.0,0.0,0.0,0.0,0.0,0.0,0.0,0.0,0.0,0.0
HALLWF2,HALLWF2,Hallett 2 Wind Farm,SA1,NSA,405.0,Wind,Wind,0.0,SEMI-SCHEDULED,71.0,0.0,120.0,120.0,120.0,120.0,1.0,1.0,355.0,213.0,142.0,0.0,3.6,0.0,0.0,0.0,WIND,WIND,WIND,77.96155406,0.0,0.0,0.0,0.0,0.0,0.0,0.0,0.0,0.0,0.0,0.0,0.0,0.0,0.0,0.0,0.0,0.0,0.0,0.0,0.0,0.0,0.0,0.0,0.0,0.0,0.0
GUTHEGA,SNOWY3,Guthega Power Station,NSW1,CAN,206.0,Hydro,Hydro,0.0,SCHEDULED,60.0,21.0,580.0,600.0,590.0,600.0,1.0,1.0,300.0,180.0,120.0,7.0,0.0,0.0,0.0,7.0,HYDRO,HYDRO,HYDRO,57.70359,0.0,0.0,0.0,0.0,0.0,0.0,0.0,0.0,0.0,0.0,0.0,0.0,0.0,0.0,0.0,0.0,0.0,0.0,0.0,0.0,0.0,0.0,0.0,0.0,0.0,0.0
POAT220,PTINA220,Poatina Power Station,TAS1,TAS,706.0,Hydro,Hydro,0.0,SCHEDULED,200.0,0.0,1210.0,1220.0,2250.0,2260.0,1.0,1.0,1000.0,600.0,400.0,7.0,0.0,0.0,0.0,7.0,HYDRO,HYDRO,HYDRO,57.70359,0.0,0.0,0.0,0.0,0.0,0.0,0.0,0.0,0.0,0.0,0.0,0.0,0.0,0.0,0.0,0.0,0.0,0.0,0.0,0.0,0.0,0.0,0.0,0.0,0.0,0.0
POAT110,PTINA110,Poatina Power Station,TAS1,TAS,706.0,Hydro,Hydro,0.0,SCHEDULED,100.0,0.0,1210.0,1220.0,2250.0,2260.0,1.0,1.0,500.0,300.0,200.0,7.0,0.0,0.0,0.0,7.0,HYDRO,HYDRO,HYDRO,57.70359,0.0,0.0,0.0,0.0,0.0,0.0,0.0,0.0,0.0,0.0,0.0,0.0,0.0,0.0,0.0,0.0,0.0,0.0,0.0,0.0,0.0,0.0,0.0,0.0,0.0,0.0
TARRALEA,TARRALEA,Tarraleah Power Station,TAS1,TAS,936.0,Hydro,Hydro,0.0,SCHEDULED,90.0,0.0,1000.0,1000.0,1000.0,1000.0,1.0,1.0,450.0,270.0,180.0,7.0,0.0,0.0,0.0,7.0,HYDRO,HYDRO,HYDRO,57.70359,0.0,0.0,0.0,0.0,0.0,0.0,0.0,0.0,0.0,0.0,0.0,0.0,0.0,0.0,0.0,0.0,0.0,0.0,0.0,0.0,0.0,0.0,0.0,0.0,0.0,0.0
FISHER,FISHER,Fisher Power Station,TAS1,TAS,373.0,Hydro,Hydro,0.0,SCHEDULED,43.0,0.0,440.0,440.0,890.0,890.0,1.0,1.0,215.0,129.0,86.0,7.0,0.0,0.0,0.0,7.0,HYDRO,HYDRO,HYDRO,57.70359,0.0,0.0,0.0,0.0,0.0,0.0,0.0,0.0,0.0,0.0,0.0,0.0,0.0,0.0,0.0,0.0,0.0,0.0,0.0,0.0,0.0,0.0,0.0,0.0,0.0,0.0
SNUG1,SNUG,SNUGGERY POWER STATION,SA1,SESA,655.0,Diesel oil,Fossil,1.4918,SCHEDULED,63.0,0.0,180.0,180.0,180.0,180.0,1.0,1.0,6300.0,6300.0,6300.0,10.4,13.84615385,0.3,8.582270557000001,129.2314385145472,LIQUID,LIQUID,LIQUID,14.441163,35.870805159860666,34.77463371357784,35.10436609052539,35.318213068562905,35.014466515880066,34.564388999106136,34.03094165523381,33.49546859570387,33.00529029678825,32.55281211722384,32.13262408231321,31.764547550066432,31.436816768090974,31.10656245809076,30.785740256121443,30.48939170845631,30.221077924876827,29.9766144425475,29.748754256894834,29.532614965583978,29.32450331108591,29.1229832016507,28.926954448210342,28.734433104804538,28.54526707174038,28.18351852185589
SHGEN,SHOALHAV,Shoalhaven Power Station (Bendeela And Kangaroo Valley Power Station And Pumps),NSW1,NCEN,596.0,Hydro,Hydro,0.0,SCHEDULED,240.0,0.0,600.0,600.0,600.0,600.0,1.0,1.0,1200.0,720.0,480.0,7.0,0.0,0.0,0.0,7.0,HYDRO,HYDRO,HYDRO,57.70359,0.0,0.0,0.0,0.0,0.0,0.0,0.0,0.0,0.0,0.0,0.0,0.0,0.0,0.0,0.0,0.0,0.0,0.0,0.0,0.0,0.0,0.0,0.0,0.0,0.0,0.0
MACARTH1,MACARTH,Macarthur Wind Farm,VIC1,MEL,621.0,Wind,Wind,0.0,SEMI-SCHEDULED,420.0,0.0,620.0,600.0,630.0,620.0,1.0,1.0,2100.0,1260.0,840.0,0.0,3.6,0.0,0.0,0.0,WIND,WIND,WIND,75.32114156,0.0,0.0,0.0,0.0,0.0,0.0,0.0,0.0,0.0,0.0,0.0,0.0,0.0,0.0,0.0,0.0,0.0,0.0,0.0,0.0,0.0,0.0,0.0,0.0,0.0,0.0
ER02,ERARING,ERARING POWER STATION,NSW1,NCEN,909.0,Black coal,Fossil,0.96475,SCHEDULED,720.0,230.4,150.0,210.0,300.0,300.0,8.0,8.0,252000.0,86400.0,28800.0,1.0,10.16949153,0.1,2.29,24.2881356037,COAL,BLACK-COAL,COAL,54.34518,2.29,2.32,2.462,2.647,2.809,2.867,2.923,2.997,3.147,3.273,3.31,3.402,3.524,3.654,3.746,3.797,3.862,3.929,4.023,4.071,4.071,4.071,4.071,4.071,4.071,4.071
ER01,ERARING,ERARING POWER STATION,NSW1,NCEN,909.0,Black coal,Fossil,0.96475,SCHEDULED,720.0,230.4,150.0,210.0,300.0,300.0,8.0,8.0,252000.0,86400.0,28800.0,1.0,10.16949153,0.1,2.29,24.2881356037,COAL,BLACK-COAL,COAL,54.335003,2.29,2.32,2.462,2.647,2.809,2.867,2.923,2.997,3.147,3.273,3.31,3.402,3.524,3.654,3.746,3.797,3.862,3.929,4.023,4.071,4.071,4.071,4.071,4.071,4.071,4.071
ER03,ERARING,ERARING POWER STATION,NSW1,NCEN,909.0,Black coal,Fossil,0.96475,SCHEDULED,720.0,230.4,150.0,210.0,300.0,300.0,8.0,8.0,252000.0,86400.0,28800.0,1.0,10.16949153,0.1,2.29,24.2881356037,COAL,BLACK-COAL,COAL,54.355357,2.29,2.32,2.462,2.647,2.809,2.867,2.923,2.997,3.147,3.273,3.31,3.402,3.524,3.654,3.746,3.797,3.862,3.929,4.023,4.071,4.071,4.071,4.071,4.071,4.071,4.071
ER04,ERARING,ERARING POWER STATION,NSW1,NCEN,909.0,Black coal,Fossil,0.96475,SCHEDULED,720.0,230.4,150.0,210.0,300.0,300.0,8.0,8.0,252000.0,86400.0,28800.0,1.0,10.16949153,0.1,2.29,24.2881356037,COAL,BLACK-COAL,COAL,54.365534,2.29,2.32,2.462,2.647,2.809,2.867,2.923,2.997,3.147,3.273,3.31,3.402,3.524,3.654,3.746,3.797,3.862,3.929,4.023,4.071,4.071,4.071,4.071,4.071,4.071,4.071
LYA2,LOYYANGA,LOY YANG A POWER STATION,VIC1,LV,35.0,Brown coal,Fossil,1.25875,SCHEDULED,530.0,328.6,350.0,430.0,330.0,320.0,16.0,16.0,185500.0,63600.0,21200.0,1.0,13.23529412,0.1,0.616,9.152941177919999,COAL,BROWN-COAL,COAL,144.20809,0.616,0.616,0.616,0.642,0.643,0.645,0.648,0.65,0.652,0.655,0.658,0.661,0.664,0.668,0.671,0.675,0.679,0.684,0.689,0.694,0.7,0.706,0.712,0.719,0.727,0.727
LYA1,LOYYANGA,LOY YANG A POWER STATION,VIC1,LV,35.0,Brown coal,Fossil,1.25875,SCHEDULED,560.0,347.2,350.0,430.0,330.0,320.0,16.0,16.0,196000.0,67200.0,22400.0,0.99,13.23529412,0.1,0.616,9.142941177920001,COAL,BROWN-COAL,COAL,144.197913,0.616,0.616,0.616,0.642,0.643,0.645,0.648,0.65,0.652,0.655,0.658,0.661,0.664,0.668,0.671,0.675,0.679,0.684,0.689,0.694,0.7,0.706,0.712,0.719,0.727,0.727
LYA4,LOYYANGA,LOY YANG A POWER STATION,VIC1,LV,35.0,Brown coal,Fossil,1.25875,SCHEDULED,560.0,347.2,350.0,430.0,330.0,320.0,16.0,16.0,196000.0,67200.0,22400.0,1.02,13.23529412,0.1,0.616,9.172941177919999,COAL,BROWN-COAL,COAL,144.228444,0.616,0.616,0.616,0.642,0.643,0.645,0.648,0.65,0.652,0.655,0.658,0.661,0.664,0.668,0.671,0.675,0.679,0.684,0.689,0.694,0.7,0.706,0.712,0.719,0.727,0.727
LYA3,LOYYANGA,LOY YANG A POWER STATION,VIC1,LV,35.0,Brown coal,Fossil,1.25875,SCHEDULED,560.0,347.2,350.0,430.0,330.0,320.0,16.0,16.0,196000.0,67200.0,22400.0,1.01,13.23529412,0.1,0.616,9.162941177919999,COAL,BROWN-COAL,COAL,144.218267,0.616,0.616,0.616,0.642,0.643,0.645,0.648,0.65,0.652,0.655,0.658,0.661,0.664,0.668,0.671,0.675,0.679,0.684,0.689,0.694,0.7,0.706,0.712,0.719,0.727,0.727
MCKAY1,MCKAY,Bogong / Mackay Power Station,VIC1,NVIC,736.0,Hydro,Hydro,0.0,SCHEDULED,300.0,0.0,3600.0,3600.0,3600.0,3530.0,1.0,1.0,1500.0,900.0,600.0,7.0,0.0,0.0,0.0,7.0,HYDRO,HYDRO,HYDRO,57.70359,0.0,0.0,0.0,0.0,0.0,0.0,0.0,0.0,0.0,0.0,0.0,0.0,0.0,0.0,0.0,0.0,0.0,0.0,0.0,0.0,0.0,0.0,0.0,0.0,0.0,0.0
STAN-1,STANWELL,STANWELL POWER STATION,QLD1,CQ,224.0,Black coal,Fossil,0.95068,SCHEDULED,365.0,182.5,180.0,180.0,180.0,180.0,8.0,8.0,127750.0,43800.0,14600.0,3.1,9.89010989,0.1,2.121,24.07692307669,COAL,BLACK-COAL,COAL,54.335003,2.121,2.158,2.254,2.341,2.399,2.422,2.441,2.46,2.48,2.505,2.657,3.023,3.293,3.438,3.561,3.611,3.662,3.726,3.816,3.861,3.861,3.861,3.861,3.861,3.861,3.861
STAN-2,STANWELL,STANWELL POWER STATION,QLD1,CQ,224.0,Black coal,Fossil,0.95068,SCHEDULED,365.0,182.5,180.0,180.0,180.0,180.0,8.0,8.0,127750.0,43800.0,14600.0,3.1,9.89010989,0.1,2.121,24.07692307669,COAL,BLACK-COAL,COAL,54.34518,2.121,2.158,2.254,2.341,2.399,2.422,2.441,2.46,2.48,2.505,2.657,3.023,3.293,3.438,3.561,3.611,3.662,3.726,3.816,3.861,3.861,3.861,3.861,3.861,3.861,3.861
STAN-3,STANWELL,STANWELL POWER STATION,QLD1,CQ,224.0,Black coal,Fossil,0.95068,SCHEDULED,365.0,182.5,180.0,180.0,180.0,180.0,8.0,8.0,127750.0,43800.0,14600.0,3.1,9.89010989,0.1,2.121,24.07692307669,COAL,BLACK-COAL,COAL,54.355357,2.121,2.158,2.254,2.341,2.399,2.422,2.441,2.46,2.48,2.505,2.657,3.023,3.293,3.438,3.561,3.611,3.662,3.726,3.816,3.861,3.861,3.861,3.861,3.861,3.861,3.861
STAN-4,STANWELL,STANWELL POWER STATION,QLD1,CQ,224.0,Black coal,Fossil,0.95068,SCHEDULED,365.0,182.5,180.0,180.0,180.0,180.0,8.0,8.0,127750.0,43800.0,14600.0,3.1,9.89010989,0.1,2.121,24.07692307669,COAL,BLACK-COAL,COAL,54.365534,2.121,2.158,2.254,2.341,2.399,2.422,2.441,2.46,2.48,2.505,2.657,3.023,3.293,3.438,3.561,3.611,3.662,3.726,3.816,3.861,3.861,3.861,3.861,3.861,3.861,3.861
BARCALDN,BARCALDN,Barcaldine Power Station,QLD1,CQ,170.0,Natural Gas (Pipeline),Fossil,1.11024,SCHEDULED,37.0,0.0,180.0,180.0,180.0,180.0,4.0,4.0,3700.0,3700.0,3700.0,10.4,12.85714286,0.3,6.6,95.257142876,GAS,GAS,GAS,14.45134,6.6,6.6,6.6,6.6,6.6,6.6,7.6,7.6,7.6,7.6,7.6,7.6,7.6,7.6,7.6,7.6,7.6,7.6,7.6,7.6,7.6,7.6,7.6,7.6,7.6,7.6
AGLSOM,AGLSOM,Somerton Power Station,VIC1,MEL,194.0,Natural Gas (Pipeline),Fossil,0.82609,SCHEDULED,170.0,0.0,600.0,600.0,600.0,600.0,1.0,1.0,17000.0,17000.0,17000.0,10.4,15.0,0.3,6.6523071279999995,110.18460692,GAS,GAS,GAS,14.441163,7.730493122,8.377614713,9.956759583,9.956945605,9.957214508,9.956736103,9.958333566,10.8959014,10.89598185,10.89592339,10.99873051,10.99873025,10.99879014,10.99875241,11.09569978,11.09571732,11.0957857,11.09573497,11.09575951,11.09576922,11.09576922,11.09576922,11.09576922,11.09576922,11.09576922,11.09576922
WATERLWF,WATERLWF,Waterloo Wind Farm,SA1,NSA,125.0,Wind,Wind,0.0,SEMI-SCHEDULED,130.0,0.0,620.0,600.0,630.0,620.0,1.0,1.0,650.0,390.0,260.0,0.0,3.6,0.0,0.0,0.0,WIND,WIND,WIND,77.76484962,0.0,0.0,0.0,0.0,0.0,0.0,0.0,0.0,0.0,0.0,0.0,0.0,0.0,0.0,0.0,0.0,0.0,0.0,0.0,0.0,0.0,0.0,0.0,0.0,0.0,0.0
URANQ12,URANQ,Uranquinty Power Station,NSW1,SWNSW,448.0,Natural Gas (Pipeline),Fossil,0.73152,SCHEDULED,166.0,0.0,660.0,660.0,660.0,660.0,1.0,1.0,16600.0,16600.0,16600.0,10.4,11.25,0.3,6.49676901,83.48865136250002,GAS,GAS,GAS,14.45134,6.49676901,7.513663815,7.514001811,7.510004679,7.51202651,7.51579785,8.294142138,8.2972292,8.307874507,8.307020694,8.307420669,8.309774494,8.309685945,8.308919505,8.30717601,8.307285954,8.307316243,8.307363661,8.307568047,8.307568047,8.307568047,8.307568047,8.307568047,8.292835453,8.292835453,8.292835453
URANQ14,URANQ,Uranquinty Power Station,NSW1,SWNSW,448.0,Natural Gas (Pipeline),Fossil,0.73152,SCHEDULED,166.0,0.0,660.0,660.0,660.0,660.0,1.0,1.0,16600.0,16600.0,16600.0,10.4,11.25,0.3,6.49676901,83.48865136250002,GAS,GAS,GAS,14.471694,6.49676901,7.513663815,7.514001811,7.510004679,7.51202651,7.51579785,8.294142138,8.2972292,8.307874507,8.307020694,8.307420669,8.309774494,8.309685945,8.308919505,8.30717601,8.307285954,8.307316243,8.307363661,8.307568047,8.307568047,8.307568047,8.307568047,8.307568047,8.292835453,8.292835453,8.292835453
URANQ11,URANQ,Uranquinty Power Station,NSW1,SWNSW,448.0,Natural Gas (Pipeline),Fossil,0.73152,SCHEDULED,166.0,0.0,660.0,660.0,660.0,660.0,1.0,1.0,16600.0,16600.0,16600.0,10.4,11.25,0.3,6.49676901,83.48865136250002,GAS,GAS,GAS,14.441163,6.49676901,7.513663815,7.514001811,7.510004679,7.51202651,7.51579785,8.294142138,8.2972292,8.307874507,8.307020694,8.307420669,8.309774494,8.309685945,8.308919505,8.30717601,8.307285954,8.307316243,8.307363661,8.307568047,8.307568047,8.307568047,8.307568047,8.307568047,8.292835453,8.292835453,8.292835453
URANQ13,URANQ,Uranquinty Power Station,NSW1,SWNSW,448.0,Natural Gas (Pipeline),Fossil,0.73152,SCHEDULED,166.0,0.0,660.0,660.0,660.0,660.0,1.0,1.0,16600.0,16600.0,16600.0,10.4,11.25,0.3,6.49676901,83.48865136250002,GAS,GAS,GAS,14.461517,6.49676901,7.513663815,7.514001811,7.510004679,7.51202651,7.51579785,8.294142138,8.2972292,8.307874507,8.307020694,8.307420669,8.309774494,8.309685945,8.308919505,8.30717601,8.307285954,8.307316243,8.307363661,8.307568047,8.307568047,8.307568047,8.307568047,8.307568047,8.292835453,8.292835453,8.292835453
MACKAYGT,MACKAY,MACKAY GAS TURBINE,QLD1,NQ,889.0,Diesel oil,Fossil,1.05628,SCHEDULED,30.0,0.0,600.0,600.0,600.0,600.0,1.0,1.0,3000.0,3000.0,3000.0,10.4,12.85714286,0.3,5.990506562,87.42079867140146,LIQUID,LIQUID,LIQUID,14.45134,35.870805159860666,34.77463371357784,35.10436609052539,35.318213068562905,35.014466515880066,34.564388999106136,34.03094165523381,33.49546859570387,33.00529029678825,32.55281211722384,32.13262408231321,31.764547550066432,31.436816768090974,31.10656245809076,30.785740256121443,30.48939170845631,30.221077924876827,29.9766144425475,29.748754256894834,29.532614965583978,29.32450331108591,29.1229832016507,28.926954448210342,28.734433104804538,28.54526707174038,28.18351852185589
ARWF1,ARWF,Ararat Wind Farm,VIC1,CVIC,303.0,Wind,Wind,0.0,SEMI-SCHEDULED,241.0,0.0,620.0,600.0,630.0,620.0,1.0,1.0,1205.0,723.0,482.0,0.0,3.6,0.0,0.0,0.0,WIND,WIND,WIND,73.08134233,0.0,0.0,0.0,0.0,0.0,0.0,0.0,0.0,0.0,0.0,0.0,0.0,0.0,0.0,0.0,0.0,0.0,0.0,0.0,0.0,0.0,0.0,0.0,0.0,0.0,0.0
LOYYB1,LOYYB,LOY YANG B POWER STATION,VIC1,LV,774.0,Brown coal,Fossil,1.2323,SCHEDULED,500.0,304.7619047619048,450.0,450.0,540.0,540.0,16.0,16.0,175000.0,60000.0,20000.0,1.0,13.53383459,0.1,0.616,9.336842107439999,COAL,BROWN-COAL,COAL,113.9824,0.616,0.616,0.616,0.642,0.643,0.645,0.648,0.65,0.652,0.655,0.658,0.661,0.664,0.668,0.671,0.675,0.679,0.684,0.689,0.694,0.7,0.706,0.712,0.719,0.727,0.727
LOYYB2,LOYYB,LOY YANG B POWER STATION,VIC1,LV,774.0,Brown coal,Fossil,1.2323,SCHEDULED,500.0,304.7619047619048,450.0,450.0,540.0,540.0,16.0,16.0,175000.0,60000.0,20000.0,1.01,13.53383459,0.1,0.616,9.346842107439999,COAL,BROWN-COAL,COAL,113.992577,0.616,0.616,0.616,0.642,0.643,0.645,0.648,0.65,0.652,0.655,0.658,0.661,0.664,0.668,0.671,0.675,0.679,0.684,0.689,0.694,0.7,0.706,0.712,0.719,0.727,0.727
LONSDALE,LONSDALE,Lonsdale Power Station,SA1,ADE,11.0,Diesel oil,Fossil,0.657,SCHEDULED,21.0,0.0,180.0,180.0,180.0,180.0,1.0,1.0,2100.0,2100.0,2100.0,10.88332,13.84615385,0.3,8.582270557000001,129.71475851454719,LIQUID,LIQUID,LIQUID,14.98307639,35.870805159860666,34.77463371357784,35.10436609052539,35.318213068562905,35.014466515880066,34.564388999106136,34.03094165523381,33.49546859570387,33.00529029678825,32.55281211722384,32.13262408231321,31.764547550066432,31.436816768090974,31.10656245809076,30.785740256121443,30.48939170845631,30.221077924876827,29.9766144425475,29.748754256894834,29.532614965583978,29.32450331108591,29.1229832016507,28.926954448210342,28.734433104804538,28.54526707174038,28.18351852185589
SNOWSTH1,SNOWSTH,Snowtown South Wind Farm,SA1,NSA,407.0,Wind,Wind,0.0,SEMI-SCHEDULED,126.0,0.0,620.0,600.0,630.0,620.0,1.0,1.0,630.0,378.0,252.0,0.0,3.6,0.0,0.0,0.0,WIND,WIND,WIND,78.07198401,0.0,0.0,0.0,0.0,0.0,0.0,0.0,0.0,0.0,0.0,0.0,0.0,0.0,0.0,0.0,0.0,0.0,0.0,0.0,0.0,0.0,0.0,0.0,0.0,0.0,0.0
SNOWTWN1,SNOWTOWN,Snowtown Wind Farm Units 1 And 47,SA1,NSA,870.0,Wind,Wind,0.0,SEMI-SCHEDULED,99.0,0.0,620.0,600.0,630.0,620.0,1.0,1.0,495.0,297.0,198.0,0.0,3.6,0.0,0.0,0.0,WIND,WIND,WIND,78.67719735,0.0,0.0,0.0,0.0,0.0,0.0,0.0,0.0,0.0,0.0,0.0,0.0,0.0,0.0,0.0,0.0,0.0,0.0,0.0,0.0,0.0,0.0,0.0,0.0,0.0,0.0
SITHE01,SITHE,SMITHFIELD ENERGY FACILITY,NSW1,NCEN,181.0,Natural Gas (Pipeline),Fossil,0.6171300000000001,SCHEDULED,160.0,0.0,60.0,180.0,70.0,180.0,1.0,1.0,4000.0,2400.0,800.0,7.0,8.780487805,0.3,5.825201823,58.14811356851526,GAS,GAS,GAS,10.166823,5.825201823,5.825201823,5.825201823,5.825201823,5.825201823,5.825201823,5.825201823,5.825201823,5.825201823,5.825201823,5.825201823,5.825201823,5.825201823,5.825201823,5.825201823,5.825201823,5.825201823,5.825201823,5.825201823,5.825201823,5.825201823,5.825201823,5.825201823,5.825201823,5.825201823,5.825201823
ANGAST1,ANGASTON,ANGASTON POWER STATION,SA1,NSA,294.0,Diesel oil,Fossil,0.657,SCHEDULED,50.0,0.0,180.0,180.0,180.0,180.0,1.0,1.0,5000.0,5000.0,5000.0,10.88332,13.84615385,0.3,8.582270557000001,129.71475851454719,LIQUID,LIQUID,LIQUID,14.98307639,35.870805159860666,34.77463371357784,35.10436609052539,35.318213068562905,35.014466515880066,34.564388999106136,34.03094165523381,33.49546859570387,33.00529029678825,32.55281211722384,32.13262408231321,31.764547550066432,31.436816768090974,31.10656245809076,30.785740256121443,30.48939170845631,30.221077924876827,29.9766144425475,29.748754256894834,29.532614965583978,29.32450331108591,29.1229832016507,28.926954448210342,28.734433104804538,28.54526707174038,28.18351852185589
BALDHWF1,BHWF,Bald Hills Wind Farm,VIC1,MEL,496.0,Wind,Wind,0.0,SEMI-SCHEDULED,106.0,0.0,620.0,600.0,630.0,620.0,1.0,1.0,530.0,318.0,212.0,0.0,3.6,0.0,0.0,0.0,WIND,WIND,WIND,75.07677018,0.0,0.0,0.0,0.0,0.0,0.0,0.0,0.0,0.0,0.0,0.0,0.0,0.0,0.0,0.0,0.0,0.0,0.0,0.0,0.0,0.0,0.0,0.0,0.0,0.0,0.0
MACKNTSH,MACKNTSH,Mackintosh Power Station,TAS1,TAS,830.0,Hydro,Hydro,0.0,SCHEDULED,80.0,0.0,1000.0,1000.0,1800.0,1800.0,1.0,1.0,400.0,240.0,160.0,7.0,0.0,0.0,0.0,7.0,HYDRO,HYDRO,HYDRO,57.70359,0.0,0.0,0.0,0.0,0.0,0.0,0.0,0.0,0.0,0.0,0.0,0.0,0.0,0.0,0.0,0.0,0.0,0.0,0.0,0.0,0.0,0.0,0.0,0.0,0.0,0.0
SNOWNTH1,SNOWNTH,Snowtown Wind Farm Stage 2 North,SA1,NSA,870.0,Wind,Wind,0.0,SEMI-SCHEDULED,144.0,0.0,620.0,600.0,630.0,620.0,1.0,1.0,720.0,432.0,288.0,0.0,3.6,0.0,0.0,0.0,WIND,WIND,WIND,78.07198401,0.0,0.0,0.0,0.0,0.0,0.0,0.0,0.0,0.0,0.0,0.0,0.0,0.0,0.0,0.0,0.0,0.0,0.0,0.0,0.0,0.0,0.0,0.0,0.0,0.0,0.0
MEADOWBK,MEADOWBK,Meadowbank Power Station,TAS1,TAS,676.0,Hydro,Hydro,0.0,SCHEDULED,40.0,0.0,290.0,290.0,480.0,480.0,1.0,1.0,200.0,120.0,80.0,7.0,0.0,0.0,0.0,7.0,HYDRO,HYDRO,HYDRO,57.70359,0.0,0.0,0.0,0.0,0.0,0.0,0.0,0.0,0.0,0.0,0.0,0.0,0.0,0.0,0.0,0.0,0.0,0.0,0.0,0.0,0.0,0.0,0.0,0.0,0.0,0.0
MERCER01,MTMERCER,Mt Mercer Wind Farm,VIC1,MEL,304.0,Wind,Wind,0.0,SEMI-SCHEDULED,131.0,0.0,620.0,600.0,630.0,620.0,1.0,1.0,655.0,393.0,262.0,0.0,3.6,0.0,0.0,0.0,WIND,WIND,WIND,75.28818173,0.0,0.0,0.0,0.0,0.0,0.0,0.0,0.0,0.0,0.0,0.0,0.0,0.0,0.0,0.0,0.0,0.0,0.0,0.0,0.0,0.0,0.0,0.0,0.0,0.0,0.0
JBUTTERS,JBUTTERS,John Butters Power Station,TAS1,TAS,938.0,Hydro,Hydro,0.0,SCHEDULED,144.0,0.0,1610.0,1610.0,1730.0,1730.0,1.0,1.0,720.0,432.0,288.0,7.0,0.0,0.0,0.0,7.0,HYDRO,HYDRO,HYDRO,57.70359,0.0,0.0,0.0,0.0,0.0,0.0,0.0,0.0,0.0,0.0,0.0,0.0,0.0,0.0,0.0,0.0,0.0,0.0,0.0,0.0,0.0,0.0,0.0,0.0,0.0,0.0
AGLHAL,AGLHAL,Hallett Power Station,SA1,NSA,9.0,Natural Gas (Pipeline),Fossil,1.18618,SCHEDULED,180.0,0.0,600.0,600.0,600.0,600.0,1.0,1.0,18000.0,18000.0,18000.0,10.4,15.0,0.3,6.3193507339999995,105.19026101,GAS,GAS,GAS,14.390278,8.405479859,8.853207022,9.543345187,9.549196716,9.542662419,9.548230925,9.608402793,10.50842248,10.50510995,10.50321028,10.50298992,10.50206514,10.50011642,10.50051347,10.50194096,10.50021531,10.50063961,10.50091455,10.50091455,10.5013132,10.5013132,10.5013132,10.5013132,10.5013132,10.5013132,10.5013132
SWAN_E,SWANBANK,Swanbank B Power Station & Swanbank E Gas Turbine,QLD1,SEQ,918.0,Natural Gas (Pipeline),Fossil,0.44079,SCHEDULED,385.0,0.0,620.0,640.0,640.0,640.0,4.0,4.0,9625.0,5775.0,1925.0,7.0,7.659574468,0.3,6.9442,60.1896170206856,GAS,GAS,GAS,10.177,6.9442,6.9442,6.9442,6.9442,6.9442,6.9442,7.6942,7.6942,7.6942,7.6942,7.6942,7.6942,7.6942,7.6942,7.6942,7.6942,7.6942,7.6942,7.6942,7.6942,7.6942,7.6942,7.6942,7.6942,7.6942,7.6942
